# The libraries Ratchet & Clank (PAL) calls, by entry point, and what the port
# does with each (docs/port/RAC1_PAL_SURVEY.md, appendix B, has the evidence).
#
#   host: the port writes it: the shared replacement of that name
#         (port/game/common/libraries.tsv, lib/*.c), bound to this address by
#         hostgen (libraries.c); a signature here overrides the shared one.
#   game: the decompilation's C runs as it is (it only computes).
#   wrap: the decompilation's C runs, as <symbol>__game, under a host function
#         that does what the port needs around it (host/boot.c).
#   todo: needs a host version that is not written yet; it stays a stub.
#
# symbol	library	name	port	notes	signature (optional)
func_001151B4	libc	memcmp	host
func_00115248	libc	memcpy	host
func_001153FC	libc	memset	host
func_001160C8	libc	srand	game
func_001160D8	libc	rand	game
func_00116248	libc	sprintf	game	newlib's formatter, translated
func_00116428	libc	strchr	host
func_001165B8	libc	strcmp	host
func_001166FC	libc	strcpy	host
func_00116810	libc	strlen	host
func_00116948	libc	strncmp	host
func_00116B00	libc	strncpy	host
func_00116CC0	libc	strstr	game
func_00118A90	kernel	AddIntcHandler	host	the vsync handler is called by the port's frame pacing
func_00118AA0	kernel	RemoveIntcHandler	host
func_00118AB0	kernel	AddDmacHandler	host
func_00118AD0	kernel	RemoveDmacHandler	host
func_00118B50	kernel	CreateThread	host	only the movie player makes threads; it is replaced above libmpeg
func_00118B60	kernel	DeleteThread	host
func_00118B70	kernel	StartThread	host
func_00118B80	kernel	TerminateThread	host
func_00118BA0	kernel	ChangeThreadPriority	host
func_00118BC0	kernel	RotateThreadReadyQueue	host
func_00118BE0	kernel	GetThreadId	host
func_00118C70	kernel	CreateSema	host
func_00118C80	kernel	DeleteSema	host
func_00118C90	kernel	SignalSema	host
func_00118CB0	kernel	WaitSema	host
func_00118D60	kernel	EnableCache	host
func_00118D80	kernel	FlushCache	host	nothing to flush
func_00118E10	kernel	sceSifDmaStat	host	no IOP: transfers to it are done at once
func_00118E20	kernel	sceSifSetDma	host
func_00119328	kernel	EnableIntc	host
func_00119390	kernel	DisableIntc	host
func_001193F8	kernel	DisableDmac	host
func_00119460	kernel	EnableDmac	host
func_0011AE20	sif	sceSifInitRpc	host	no IOP: its services are replaced at their EE libraries
func_0011B2F8	sif	sceSifBindRpc	host
func_0011B4C8	sif	sceSifCallRpc	host
func_0011B6B8	sif	sceSifCheckStatRpc	host
func_0011BF48	fileio	sceFsReset	host
func_0011BF80	fileio	sceOpen	host	debug and rom0: config only; no game asset is read this way
func_0011C208	fileio	sceClose	host
func_0011C388	fileio	sceLseek	host
func_0011C5C0	fileio	sceRead	host
func_0011C820	fileio	sceWrite	host
func_0011CB40	sif	sceSifInitIopHeap	host
func_0011CBC8	sif	sceSifAllocIopHeap	host
func_0011CCB0	sif	sceSifFreeIopHeap	host
func_0011D078	sif	sceSifLoadModuleBuffer	host
func_0011D210	sif	sceSifSyncIop	host
func_0011D248	sif	sceSifRebootIop	host
func_0011D960	kernel	DIntr	host
func_0011D9A8	kernel	EIntr	host
func_001207B8	vu	sceGsResetPath	host
func_00120858	vu	sceGsSyncPath	host
func_0011DFC8	libgcc	__main	host	the host runs no global constructors for the game: it has none
func_00120778	libgcc	__extendsfdf2	host	float to double; libgcc is the host compiler's
func_00120F30	cdvd	sceCdSync	host	reads are done at once from the extracted disc image
func_001211B0	cdvd	sceCdInit	host
func_00121490	cdvd	sceCdDiskReady	host
func_00121688	cdvd	sceCdMmode	host
func_00121750	cdvd	sceCdRead	host
func_00121930	cdvd	sceCdGetError	host
func_001219C8	cdvd	sceCdBreak	host
func_00121A80	cdvd	sceCdReadClock	host
func_00121B78	graph	sceGsResetGraph	host	the renderer's video mode
func_00121DC8	graph	sceGsSetDefDispEnv	host
func_00122140	graph	sceGsPutDispEnv	host	the renderer's display state
func_001222C8	graph	sceGsSetDefDrawEnv	game
func_001224B0	graph	sceGsPutDrawEnv	host	the renderer's drawing state
func_00122598	graph	sceGsSyncV	host	the end of a frame: present, pace, vsync handlers
func_00122630	graph	sceGsSetDefLoadImage	host
func_00122818	graph	sceGsSetDefStoreImage	host
func_00122958	graph	sceGsExecLoadImage	host	texture uploads go to the renderer's texture pool
func_00122AD8	graph	sceGsExecStoreImage	host	readback from the renderer
func_00123168	graph	sceGsSyncVCallback	host
func_001232E0	dma	sceDmaGetChan	game
func_00123308	dma	sceDmaReset	host
func_001235C8	dma	sceDmaSend	host	the hand-off: the renderer reads the game's display list here
func_001236F0	mc	sceMcInit	host	the memory card is a folder of save files
func_001238B0	mc	sceMcOpen	host
func_001239D8	mc	sceMcMkdir	host
func_00123A10	mc	sceMcClose	host
func_00123AC8	mc	sceMcSeek	host
func_00123C30	mc	sceMcRead	host
func_00123D48	mc	sceMcWrite	host
func_00123F30	mc	sceMcSync	host
func_00124068	mc	sceMcGetInfo	host
func_001241F0	mc	sceMcGetDir	host
func_00124340	mc	sceMcFormat	host
func_00124410	mc	sceMcDelete	host
func_00124528	mc	sceMcUnformat	host
func_00124650	dbc	sceDbcInit	host	pads come from the platform layer
func_00124B88	pad2	scePad2Init	host
func_00124BC8	pad2	scePad2CreateSocket	host
func_00124D18	pad2	scePad2Read	host
func_00124DF0	pad2	scePad2GetButtonProfile	host
func_00124EE0	pad2	scePad2GetState	host
func_00125218	vib	sceVibGetProfile	host
func_00125358	vu0	(UnitMatrix or InterVector)	todo	which one it is decides its host version
func_001253F8	vu0	sceVu0RotMatrixZ	host
func_001254A0	vu0	sceVu0RotMatrixX	host
func_00125548	vu0	sceVu0RotMatrixY	host
func_0012AD10	mpeg	sceMpegDemuxPssRing	todo	movies: the player above libmpeg is to be replaced as a whole
func_0012B008	mpeg	sceMpegAddStrCallback	todo
func_0012B870	mpeg	sceMpegInit	todo
func_0012B918	mpeg	sceMpegCreate	todo
func_0012BB20	mpeg	sceMpegDelete	todo
func_0012BB30	mpeg	sceMpegGetPicture	todo
func_0012BBA8	mpeg	sceMpegReset?	todo
func_0012BC50	mpeg	sceMpegAddCallback	todo
func_0012D380	scf	sceScfGetLanguage	host	from the port's settings
func_0012D818	scf	sceScfGetLocalTimefromRTC	host
func_0012DB68	989snd	snd_StartSoundSystem	host	sound is silent until the port's sound engine exists
func_0012DDC0	989snd	SndFlushPal	host	the shared flush plus the PAL buffers marked sent (host/hand.c)	int (void)
func_0012E060	989snd	snd_BankLoadByLoc	host
func_0012E1C8	989snd	snd_BankLoadFromEE_CB	host
func_0012E2E8	989snd	snd_ResolveBankXREFS	host
func_0012E318	989snd	snd_UnloadBank	host
func_0012E348	989snd	snd_SetMasterVolume	host
func_0012E380	989snd	snd_SetPlaybackMode	host
func_0012E4A8	989snd	snd_StopSound	host
func_0012E4F8	989snd	snd_StopAllSounds	host
func_0012E528	989snd	snd_PauseAllSoundsInGroup	host
func_0012E558	989snd	snd_ContinueAllSoundsInGroup	host
func_0012E588	989snd	snd_SoundIsStillPlaying_CB	host
func_0012EC40	989snd	snd_reset_state_and_flush_commands	host
func_0012EC60	989snd	snd_InitVAGStreamingEx	host
func_0012ED10	989snd	snd_StopAllStreams	host
func_0012ED48	989snd	snd_PlayVAGStreamByLocEx_CB	host
func_0012EDB0	989snd	snd_PauseVAGStream	host
func_0012EDE0	989snd	snd_ContinueVAGStream	host
func_0012EE10	989snd	snd_GetVAGStreamTimeRemaining_CB	host
func_0012EE40	989snd	snd_IsVAGStreamBuffered_CB	host
func_0012EE70	989snd	snd_StreamSafeCheckCDIdle	host
func_0012EE98	989snd	snd_StreamSafeCdRead	host	a disc read, through the cdvd replacement
func_0012EF48	989snd	snd_StreamSafeCdSync	host
func_0012EFE8	989snd	snd_StreamSafeCdBreak	host
func_0012F030	989snd	snd_StreamSafeCdGetError	host
func_0012F068	989snd	snd_StreamSafeCdCallback	host
func_0012F0E8	989snd	snd_PreAllocReverbWorkArea	host
func_0012F120	989snd	snd_AutoReverb	host
func_0012F1E8	989snd	snd_ResetMovieSound	host
func_0012F248	989snd	snd_StartMovieSound	host
func_0012F288	989snd	snd_UpdateMovieADPCM	host
func_0012F2B8	989snd	snd_GetMovieNAX	host
func_0012F2E0	989snd	snd_GetDopplerPitchMod	host
func_0012DA38	boot	ParseBin	wrap	copies a level's program in: from then on, level code addresses mean that level's functions
func_001F4630	draw	SetupGifPaging	wrap	sets the four draw flags at 0x18A3D0 retail has on before its first frame (nothing in the game's code stores them by name)
func_00209DC0	memcard	NewGameInit	wrap	a new game starts in level 0; with --level N it starts in level N instead (host/boot.c)
func_0012F348	wad	wad_GetSectors	game
func_0012F3F8	wad	load_disc_sectors_into_global_buffer	game
func_0012F4A8	wad	read_file_entry_with_retry	game
func_0020C468	game	WadDecompress	host	the WAD decompressor (hand-written assembly), answered with the asset readers' own; returns the size it made	int (int, int)
func_001F7560	game	FontPrintWindow (mode 1)	host	the decompilation keeps GetEffectTex's 64-bit TEX0 in an int (matching C: on the console the register keeps all 64 bits); the port's passes it whole	void (unsigned int, unsigned int, unsigned int, unsigned int)
func_001F75D0	game	FontPrintWindow (mode 2)	host	as func_001F7560, the small font	void (unsigned int, unsigned int, unsigned int, unsigned int)
func_00118A50	kernel	SetGsCrt	host	system call 0x02
func_00118AE0	kernel	EnableIntc	host	system call 0x14
func_00118AF0	kernel	DisableIntc	host	system call 0x15
func_00118B00	kernel	EnableDmac	host	system call 0x16
func_00118B10	kernel	DisableDmac	host	system call 0x17
func_00118DE0	kernel	GsPutIMR	host	system call 0x71
func_001F7EF8	game	func_001F7EF8	host	the port's own (host/render_native.c); its signature decides the prototype	void (unsigned int, int, int)
func_001F8B6C	game	func_001F8B6C	host	the port's own (host/render_native.c); its signature decides the prototype	void (void)
func_001F91B8	game	func_001F91B8	host	the port's own (host/render_native.c); its signature decides the prototype	void (void)
func_00204340	game	func_00204340	host	the port's own (host/render_native.c); its signature decides the prototype	void (unsigned int, unsigned int, unsigned int, unsigned int, int)
func_00212258	game	func_00212258	host	the port's own (host/render_native.c); its signature decides the prototype	void (int)
func_00212508	game	func_00212508	host	the port's own (host/render_native.c); its signature decides the prototype	void (void)
func_00212578	game	func_00212578	host	the port's own (host/render_native.c); its signature decides the prototype	void (int, int)
func_00212658	game	func_00212658	host	the port's own (host/render_native.c); its signature decides the prototype	int (int, int, int, int)
func_00218B10	game	func_00218B10	host	the port's own (host/render_native.c); its signature decides the prototype	void (void)
func_00228A58	game	func_00228A58	host	the port's own (host/render_native.c); its signature decides the prototype	void (void)
func_00228D20	game	func_00228D20	host	the port's own (host/render_native.c); its signature decides the prototype	void (unsigned int, int, int)
func_00229098	game	func_00229098	host	the port's own (host/render_native.c); its signature decides the prototype	int (void)
func_002291E8	game	func_002291E8	host	the port's own (host/render_native.c); its signature decides the prototype	int (void)
func_00229838	game	func_00229838	host	the port's own (host/render_native.c); its signature decides the prototype	void (unsigned int, unsigned int)
func_002298B0	game	func_002298B0	host	the port's own (host/render_native.c); its signature decides the prototype	void (int, int)
func_00229F00	game	func_00229F00	host	the port's own (host/render_native.c); its signature decides the prototype	void (void)
func_0022B648	game	func_0022B648	host	the port's own (host/render_native.c); its signature decides the prototype	int (int)
func_0022B8F8	game	func_0022B8F8	host	the port's own (host/render_native.c); its signature decides the prototype	void (unsigned int, unsigned int)
func_0022CA00	game	func_0022CA00	host	the port's own (host/render_native.c); its signature decides the prototype	void (unsigned int)
func_0022CC40	game	func_0022CC40	host	the port's own (host/render_native.c); its signature decides the prototype	void (unsigned int)
func_0022CEB8	game	func_0022CEB8	host	the port's own (host/render_native.c); its signature decides the prototype	void (void)
func_002352C8	game	func_002352C8	host	the port's own (host/render_native.c); its signature decides the prototype	void (void)
func_00235EF0	game	func_00235EF0	host	the port's own (host/render_native.c); its signature decides the prototype	void (void)
func_00236060	game	func_00236060	host	the port's own (host/render_native.c); its signature decides the prototype	int (int)
func_002362B0	game	func_002362B0	host	the port's own (host/render_native.c); its signature decides the prototype	void (unsigned int)
func_00236F00	game	func_00236F00	host	the port's own (host/render_native.c); its signature decides the prototype	void (void)
func_002383D8	game	func_002383D8	host	the port's own (host/render_native.c); its signature decides the prototype	int (int)
func_00238688	game	func_00238688	host	the port's own (host/render_native.c); its signature decides the prototype	void (unsigned int, unsigned int)
func_0020DD48	game	func_0020DD48	host	the port's own (host/render_native.c); its signature decides the prototype	void (void)
func_00229D48	game	func_00229D48	host	the port's own (host/render_native.c); its signature decides the prototype	void (void)
func_00234620	game	func_00234620	host	the port's own (host/render_native.c); its signature decides the prototype	void (void)
func_00236A98	game	func_00236A98	host	the port's own (host/render_native.c); its signature decides the prototype	void (void)
func_001F7C60	game	func_001F7C60	host	the port's own (host/render_native.c); its signature decides the prototype	int (void)
func_001F7DD8	game	func_001F7DD8	host	the port's own (host/render_native.c); its signature decides the prototype	int (void)
func_001F7E98	game	func_001F7E98	host	the port's own (host/render_native.c); its signature decides the prototype	int (void)
func_001F84AC	game	func_001F84AC	host	the port's own (host/render_native.c); its signature decides the prototype	int (void)
func_001F852C	game	func_001F852C	host	the port's own (host/render_native.c); its signature decides the prototype	int (void)
func_001F856C	game	func_001F856C	host	the port's own (host/render_native.c); its signature decides the prototype	int (void)
func_0022D2AC	game	func_0022D2AC	host	the port's own (host/render_native.c); its signature decides the prototype	int (int, int, int, int)
func_0022D3F8	game	func_0022D3F8	host	the port's own (host/render_native.c); its signature decides the prototype	void (int, int, int, int)
func_0022D520	game	func_0022D520	host	the port's own (host/render_native.c); its signature decides the prototype	void (int, int, int, int)
func_0022D7E0	game	func_0022D7E0	host	the port's own (host/render_native.c); its signature decides the prototype	void (unsigned int, int, unsigned int)
func_L00_001FD1D8	game	func_L00_001FD1D8	host	the port's own (host/render_native.c); its signature decides the prototype	void (unsigned int, unsigned int, int)
func_L00_001FE688	game	func_L00_001FE688	host	the port's own (host/render_native.c); its signature decides the prototype	int (void)
func_L00_0028D958	game	func_L00_0028D958	host	the port's own (host/render_native.c); its signature decides the prototype	int (void)
func_L00_002963D8	game	func_L00_002963D8	host	the port's own (host/render_native.c); its signature decides the prototype	int (void)
func_L00_00299B68	game	func_L00_00299B68	host	the port's own (host/render_native.c); its signature decides the prototype	void (int)
func_00211808	game	func_00211808	host	the port's own (host/render_native.c); its signature decides the prototype	void (unsigned int, unsigned int)
func_0022F738	game	func_0022F738	host	the port's own (host/render_native.c); its signature decides the prototype	void (int)
func_0020C268	game	func_0020C268	host	the port's own (host/hand.c); its signature decides the prototype	void (void)
func_002347F0	game	func_002347F0	host	the port's own (host/hand.c); its signature decides the prototype	void (unsigned int)
func_001F9F90	game	func_001F9F90	host	the port's own (host/hand.c); its signature decides the prototype	float (float)
func_001F9FA8	game	func_001F9FA8	host	the port's own (host/hand.c); its signature decides the prototype	float (float)
func_0023B670	game	func_0023B670	host	the port's own (host/hand.c); its signature decides the prototype	int (int, int, int, unsigned int, int)
func_00235118	game	func_00235118	host	the port's own (host/hand.c); its signature decides the prototype	void (void)
func_00116078	game	func_00116078	host	the port's own (host/hand.c); its signature decides the prototype	int (unsigned int, ...)
func_00201AF0	draw	draw_bootImage	wrap	the picture shown while a level loads goes into the frame buffer by an image transfer, which the 2D path keeps only as a texture: the port also draws it there (host/boot_picture.c)
func_001F7680	draw	func_001F7680	wrap	the boot loop's screen-high picture goes into the frame buffer by an image transfer, which the 2D path keeps only as a texture: the port also draws it there (host/boot_picture.c)
func_L00_002EDB68	game	func_L00_002EDB68	host	the tail of func_L00_002EDB58 (jr ra; v0 = 0), which the game calls by address as a do-nothing callback (host/vector.c)	int (void)
func_L00_001EB6A8	game	func_L00_001EB6A8	host	the camera steer: retail returns FastAddRots in $f0, which the void matched C loses (host/camera.c)	float (unsigned int, float, float, float, float, float)
