# The library functions the port writes itself, shared by every game: the
# name each game's libraries.tsv binds an address to, the library, and the
# signature in the console's C types (what callers are matched to). Each is
# implemented as openrac_lib_<name> in lib/*.c.
#
# name	library	signature
memcmp	libc	int (void *, void *, unsigned int)
memcpy	libc	void *(void *, void *, unsigned int)
memset	libc	void *(void *, int, unsigned int)
strchr	libc	char *(char *, int)
strcmp	libc	int (char *, char *)
strcpy	libc	char *(char *, char *)
strlen	libc	int (char *)
strncmp	libc	int (char *, char *, int)
strncpy	libc	char *(char *, char *, int)
AddIntcHandler	kernel	int (int, void *, int)
RemoveIntcHandler	kernel	int (int, int)
AddDmacHandler	kernel	int (int, void *, int)
RemoveDmacHandler	kernel	int (int, int)
CreateThread	kernel	int (void *)
DeleteThread	kernel	int (int)
StartThread	kernel	int (int, void *)
TerminateThread	kernel	int (int)
ChangeThreadPriority	kernel	int (int, int)
RotateThreadReadyQueue	kernel	int (int)
GetThreadId	kernel	int (void)
CreateSema	kernel	int (void *)
DeleteSema	kernel	int (int)
SignalSema	kernel	int (int)
WaitSema	kernel	int (int)
EnableCache	kernel	int (int)
FlushCache	kernel	void (int)
sceSifDmaStat	kernel	int (unsigned int)
sceSifSetDma	kernel	unsigned int (void *, int)
EnableIntc	kernel	int (int)
DisableIntc	kernel	int (int)
DisableDmac	kernel	int (int)
EnableDmac	kernel	int (int)
sceSifInitRpc	sif	void (int)
sceSifBindRpc	sif	int (void *, unsigned int, int)
sceSifCallRpc	sif	int (void *, int, int, void *, int, void *, int, void *, void *)
sceSifCheckStatRpc	sif	int (void *)
sceFsReset	fileio	int (void)
sceOpen	fileio	int (char *, int, ...)
sceClose	fileio	int (int)
sceLseek	fileio	int (int, int, int)
sceRead	fileio	int (int, void *, int)
sceWrite	fileio	int (int, void *, int)
sceSifInitIopHeap	sif	int (void)
sceSifAllocIopHeap	sif	int (int)
sceSifFreeIopHeap	sif	int (int)
sceSifLoadModuleBuffer	sif	int (void *, int, char *)
sceSifSyncIop	sif	int (void)
sceSifRebootIop	sif	int (char *)
DIntr	kernel	int (void)
EIntr	kernel	int (void)
sceGsResetPath	vu	void (void)
sceGsSyncPath	vu	int (int, unsigned short)
__main	libgcc	void (void)
__extendsfdf2	libgcc	double (float)
sceCdSync	cdvd	int (int)
sceCdInit	cdvd	int (int)
sceCdDiskReady	cdvd	int (int)
sceCdMmode	cdvd	int (int)
sceCdRead	cdvd	int (unsigned int, unsigned int, void *, void *)
sceCdGetError	cdvd	int (void)
sceCdBreak	cdvd	int (void)
sceCdReadClock	cdvd	int (void *)
sceGsResetGraph	graph	void (short, short, short, short)
sceGsSetDefDispEnv	graph	void (void *, short, short, short, short, short)
sceGsPutDispEnv	graph	void (void *)
sceGsPutDrawEnv	graph	int (void *)
sceGsSyncV	graph	int (int)
sceGsSetDefLoadImage	graph	void (void *, short, short, short, short, short, short, short)
sceGsSetDefStoreImage	graph	void (void *, short, short, short, short, short, short, short)
sceGsExecLoadImage	graph	int (void *, void *)
sceGsExecStoreImage	graph	int (void *, void *)
sceGsSyncVCallback	graph	void *(void *)
sceDmaReset	dma	int (int)
sceDmaSend	dma	void (void *, void *)
sceMcInit	mc	int (void)
sceMcOpen	mc	int (int, int, char *, int)
sceMcMkdir	mc	int (int, int, char *)
sceMcClose	mc	int (int)
sceMcSeek	mc	int (int, int, int)
sceMcRead	mc	int (int, void *, int)
sceMcWrite	mc	int (int, void *, int)
sceMcSync	mc	int (int, int *, int *)
sceMcGetInfo	mc	int (int, int, int *, int *, int *)
sceMcGetDir	mc	int (int, int, char *, unsigned int, int, void *)
sceMcFormat	mc	int (int, int)
sceMcDelete	mc	int (int, int, char *)
sceMcUnformat	mc	int (int, int)
sceDbcInit	dbc	int (void)
scePad2Init	pad2	int (int)
scePad2CreateSocket	pad2	int (void *, void *)
scePad2Read	pad2	int (int, void *)
scePad2GetButtonProfile	pad2	int (int, void *)
scePad2GetState	pad2	int (int)
sceVibGetProfile	vib	int (int, void *)
sceVu0RotMatrixZ	vu0	void (void *, void *, float)
sceVu0RotMatrixX	vu0	void (void *, void *, float)
sceVu0RotMatrixY	vu0	void (void *, void *, float)
sceScfGetLanguage	scf	int (void)
sceScfGetLocalTimefromRTC	scf	void (void *)
snd_StartSoundSystem	989snd	int (void)
snd_FlushSoundCommands	989snd	int (void)
snd_BankLoadByLoc	989snd	unsigned int (int, int)
snd_BankLoadFromEE_CB	989snd	void (int, int, long long)
snd_ResolveBankXREFS	989snd	void (void)
snd_UnloadBank	989snd	void (int)
snd_SetMasterVolume	989snd	void (int, int)
snd_SetPlaybackMode	989snd	void (int)
snd_StopAllSounds	989snd	void (void)
snd_PauseAllSoundsInGroup	989snd	void (int)
snd_ContinueAllSoundsInGroup	989snd	void (int)
snd_SoundIsStillPlaying_CB	989snd	void (int, int, int)
snd_reset_state_and_flush_commands	989snd	void (void)
snd_InitVAGStreamingEx	989snd	int (int, int, int, int)
snd_StopAllStreams	989snd	void (void)
snd_PlayVAGStreamByLocEx_CB	989snd	void (int, int, int, int, int, int, int, int, int, int, long long)
snd_PauseVAGStream	989snd	void (int)
snd_ContinueVAGStream	989snd	void (int)
snd_GetVAGStreamTimeRemaining_CB	989snd	void (int, int, int)
snd_IsVAGStreamBuffered_CB	989snd	void (int, int, int)
snd_StreamSafeCheckCDIdle	989snd	void (int)
snd_StreamSafeCdRead	989snd	int (int, int, int)
snd_StreamSafeCdSync	989snd	int (int)
snd_StreamSafeCdBreak	989snd	int (void)
snd_StreamSafeCdGetError	989snd	int (void)
snd_StreamSafeCdCallback	989snd	int (int)
snd_PreAllocReverbWorkArea	989snd	void (int, int)
snd_AutoReverb	989snd	void (int, int, int, int)
snd_ResetMovieSound	989snd	void (void)
snd_StartMovieSound	989snd	void (int, int, int, int, int)
snd_UpdateMovieADPCM	989snd	int (int, int)
snd_GetMovieNAX	989snd	int (void)
snd_GetDopplerPitchMod	989snd	int (int)
SetGsCrt	kernel	void (int, int, int)
GsPutIMR	kernel	void (unsigned int)
