# C for functions this decompilation still has as assembly, for the native port only (OpenRAC port/game/rac1-pal, hostgen.json "candidates").
# Each does what the retail function does without matching its bytes; the matching build never reads it.
# Files under nonmatching/functional/ are C written for the port only (no matching attempt behind them).
# name	file
func_001F3890	nonmatching/game/func_001F3890.c
func_001FAB40	nonmatching/game/func_001FAB40.c
func_00125358	nonmatching/core/func_00125358.c
func_001F3140	nonmatching/game/func_001F3140.c
func_001F4868	nonmatching/game/func_001F4868.c
func_001F7680	nonmatching/game/func_001F7680.c
func_001F9878	nonmatching/game/func_001F9878.c
func_001F98B0	nonmatching/game/func_001F98B0.c
func_001F98C0	nonmatching/game/func_001F98C0.c
func_001F98E8	nonmatching/game/func_001F98E8.c
func_001F98F8	nonmatching/game/func_001F98F8.c
func_001F9A00	nonmatching/game/func_001F9A00.c
func_001F9AF0	nonmatching/game/func_001F9AF0.c
func_001F9B90	nonmatching/game/func_001F9B90.c
func_001FA058	nonmatching/game/func_001FA058.c
func_001FA190	nonmatching/game/func_001FA190.c
func_001FA540	nonmatching/game/func_001FA540.c
func_001FA7D8	nonmatching/game/func_001FA7D8.c
func_0020C210	nonmatching/game/func_0020C210.c
func_0020C230	nonmatching/game/func_0020C230.c
func_00213C78	nonmatching/game/func_00213C78.c
func_0022DD68	nonmatching/game/func_0022DD68.c
func_00120C58	nonmatching/core/func_00120C58.c
func_0012AAA8	nonmatching/core/func_0012AAA8.c
func_001F7070	nonmatching/game/func_001F7070.c
func_001F9810	nonmatching/game/func_001F9810.c
func_001F9B20	nonmatching/game/func_001F9B20.c
func_001FA168	nonmatching/game/func_001FA168.c
func_001FA4F0	nonmatching/game/func_001FA4F0.c
func_0020E360	nonmatching/game/func_0020E360.c
func_0022DBE8	nonmatching/game/func_0022DBE8.c
func_001151B4	nonmatching/core/func_001151B4.c
func_001152F8	nonmatching/core/func_001152F8.c
func_001153FC	nonmatching/core/func_001153FC.c
func_001165B8	nonmatching/core/func_001165B8.c
func_001166FC	nonmatching/core/func_001166FC.c
func_0012AC80	nonmatching/core/func_0012AC80.c
func_001EBB48	nonmatching/game/func_001EBB48.c
func_001FA238	nonmatching/game/func_001FA238.c
func_001FF958	nonmatching/game/func_001FF958.c
func_0020C2F8	nonmatching/game/func_0020C2F8.c
func_00226808	nonmatching/game/func_00226808.c
func_00116428	nonmatching/core/func_00116428.c
func_00116948	nonmatching/core/func_00116948.c
func_00116B00	nonmatching/core/func_00116B00.c
func_0011B4C8	nonmatching/core/func_0011B4C8.c
func_0011BCB0	nonmatching/core/func_0011BCB0.c
func_00121750	nonmatching/core/func_00121750.c
func_00122630	nonmatching/core/func_00122630.c
func_00129CA0	nonmatching/core/func_00129CA0.c
func_00129F40	nonmatching/core/func_00129F40.c
func_0012A0F8	nonmatching/core/func_0012A0F8.c
func_002035B0	nonmatching/game/func_002035B0.c
func_0020E3D0	nonmatching/game/func_0020E3D0.c
func_0020E6B8	nonmatching/game/func_0020E6B8.c
func_0020ED48	nonmatching/game/func_0020ED48.c
func_00219E90	nonmatching/game/func_00219E90.c
func_00226D50	nonmatching/game/func_00226D50.c
func_00238D90	nonmatching/game/func_00238D90.c
func_0023A220	nonmatching/game/func_0023A220.c
func_001E9EC8	nonmatching/game/func_001E9EC8.c
func_00121DC8	nonmatching/core/func_00121DC8.c
func_00203F68	nonmatching/game/func_00203F68.c
func_00204918	nonmatching/game/func_00204918.c
func_0022F4C0	nonmatching/game/func_0022F4C0.c
func_001F9F60	nonmatching/game/func_001F9F60.c
func_00211548	nonmatching/game/func_00211548.c
func_L00_001EFF50	nonmatching/game/func_L00_001EFF50.c
func_L00_001FF548	nonmatching/game/func_L00_001FF548.c
func_L00_001FFED8	nonmatching/game/func_L00_001FFED8.c
func_L00_0024B200	nonmatching/game/func_L00_0024B200.c
func_L00_00251A78	nonmatching/game/func_L00_00251A78.c
func_L00_00267618	nonmatching/game/func_L00_00267618.c
func_L00_002D6610	nonmatching/game/func_L00_002D6610.c
func_L00_002E9838	nonmatching/game/func_L00_002E9838.c
func_L00_002E9870	nonmatching/game/func_L00_002E9870.c
func_L00_002E99A0	nonmatching/game/func_L00_002E99A0.c
func_L00_001FF860	nonmatching/game/func_L00_001FF860.c
func_L00_00200290	nonmatching/game/func_L00_00200290.c
func_L00_00215738	nonmatching/game/func_L00_00215738.c
func_L00_00251388	nonmatching/game/func_L00_00251388.c
func_001FD3E8	nonmatching/game/func_001FD3E8.c
func_L00_0023DB30	nonmatching/game/func_L00_0023DB30.c
func_L00_00267290	nonmatching/game/func_L00_00267290.c
func_0022FDC0	nonmatching/functional/func_0022FDC0.c
func_00232278	nonmatching/game/func_00232278.c
func_00232B90	nonmatching/game/func_00232B90.c
func_L00_002465F8	nonmatching/shared/func_L00_002465F8.c
func_L00_00244AE0	nonmatching/shared/func_L00_00244AE0.c
func_L00_001EB508	nonmatching/game/func_L00_001EB508.c
func_L00_001EB578	nonmatching/game/func_L00_001EB578.c
func_L00_001F3958	nonmatching/game/func_L00_001F3958.c
func_L00_001F3988	nonmatching/game/func_L00_001F3988.c
func_L00_001F8750	nonmatching/game/func_L00_001F8750.c
func_L00_001FF040	nonmatching/game/func_L00_001FF040.c
func_L00_00205110	nonmatching/game/func_L00_00205110.c
func_L00_00205CC0	nonmatching/game/func_L00_00205CC0.c
func_L00_00207220	nonmatching/game/func_L00_00207220.c
func_L00_00207418	nonmatching/game/func_L00_00207418.c
func_L00_0020B060	nonmatching/game/func_L00_0020B060.c
func_L00_0020EDC0	nonmatching/game/func_L00_0020EDC0.c
func_L00_00210E00	nonmatching/game/func_L00_00210E00.c
func_L00_00211D28	nonmatching/game/func_L00_00211D28.c
func_L00_00221A98	nonmatching/game/func_L00_00221A98.c
func_L00_00227F48	nonmatching/game/func_L00_00227F48.c
func_L00_002297E0	nonmatching/game/func_L00_002297E0.c
func_L00_002353B8	nonmatching/game/func_L00_002353B8.c
func_L00_00242120	nonmatching/game/func_L00_00242120.c
func_L00_0024A798	nonmatching/game/func_L00_0024A798.c
func_L00_0024E798	nonmatching/game/func_L00_0024E798.c
func_L00_0024EBF8	nonmatching/game/func_L00_0024EBF8.c
func_L00_002514B8	nonmatching/game/func_L00_002514B8.c
func_L00_00262DF0	nonmatching/game/func_L00_00262DF0.c
func_L00_00264BB0	nonmatching/game/func_L00_00264BB0.c
func_L00_002657B8	nonmatching/game/func_L00_002657B8.c
func_L00_00267130	nonmatching/game/func_L00_00267130.c
func_L00_00267188	nonmatching/game/func_L00_00267188.c
func_L00_00267BA8	nonmatching/game/func_L00_00267BA8.c
func_L00_002688A8	nonmatching/game/func_L00_002688A8.c
func_L00_002E72E8	nonmatching/game/func_L00_002E72E8.c
func_L00_002EE948	nonmatching/game/func_L00_002EE948.c
func_L00_00205278	nonmatching/game/func_L00_00205278.c
func_L00_00207CC0	nonmatching/game/func_L00_00207CC0.c
func_001FBE80	nonmatching/game/func_001FBE80.c
func_001FA850	nonmatching/game/func_001FA850.c
func_0020E990	nonmatching/game/func_0020E990.c
func_0020E9F0	nonmatching/game/func_0020E9F0.c
func_0020EA70	nonmatching/game/func_0020EA70.c
func_001FA1F8	nonmatching/game/func_001FA1F8.c
func_L00_00251E30	nonmatching/game/func_L00_00251E30.c
func_L00_00251B58	nonmatching/game/func_L00_00251B58.c
func_0021A610	nonmatching/game/func_0021A610.c
func_0021B298	nonmatching/game/func_0021B298.c
func_00202AA8	nonmatching/game/func_00202AA8.c
func_L00_00246EC0	nonmatching/game/func_L00_00246EC0.c
func_001FA218	nonmatching/game/func_001FA218.c
func_001FA480	nonmatching/game/func_001FA480.c
func_001F9CA0	nonmatching/game/func_001F9CA0.c
func_001F9FC0	nonmatching/game/func_001F9FC0.c
func_00218930	nonmatching/game/func_00218930.c
func_00218928	nonmatching/game/func_00218928.c
func_00213A78	nonmatching/game/func_00213A78.c
func_002116A0	nonmatching/game/func_002116A0.c
func_L00_002EDE38	nonmatching/game/func_L00_002EDE38.c
func_L00_002E74B0	nonmatching/game/func_L00_002E74B0.c
func_L00_002E91D0	nonmatching/game/func_L00_002E91D0.c
func_L00_002EA4C0	nonmatching/game/func_L00_002EA4C0.c
func_L00_002D1168	nonmatching/game/func_L00_002D1168.c
func_001F9B98	nonmatching/game/func_001F9B98.c
func_001F9C60	nonmatching/game/func_001F9C60.c
func_001FA1C0	nonmatching/game/func_001FA1C0.c
func_00218A80	nonmatching/game/func_00218A80.c
func_00205270	nonmatching/game/func_00205270.c
func_L00_0020F118	nonmatching/game/func_L00_0020F118.c
func_L00_0025805C	nonmatching/game/func_L00_0025805C.c
func_L00_00257E18	nonmatching/game/func_L00_00257E18.c
func_L00_00257F4C	nonmatching/game/func_L00_00257F4C.c
func_00224728	nonmatching/game/func_00224728.c
func_00221380	nonmatching/game/func_00221380.c
func_L00_00232EF0	nonmatching/functional/func_L00_00232EF0.c
func_L00_00205FF0	nonmatching/game/func_L00_00205FF0.c
func_L00_0020FC18	nonmatching/game/func_L00_0020FC18.c
func_0020EEE8	nonmatching/game/func_0020EEE8.c
func_L00_00209940	nonmatching/game/func_L00_00209940.c
func_L00_0020F7F8	nonmatching/game/func_L00_0020F7F8.c
func_L00_00248EF8	nonmatching/game/func_L00_00248EF8.c
func_L00_002D2E60	nonmatching/game/func_L00_002D2E60.c
func_L00_00215A90	nonmatching/game/func_L00_00215A90.c
func_L00_002293E8	nonmatching/game/func_L00_002293E8.c
func_L00_002147C0	nonmatching/game/func_L00_002147C0.c
func_L00_0020D3A0	nonmatching/game/func_L00_0020D3A0.c
func_L00_00214520	nonmatching/game/func_L00_00214520.c
func_L00_001FF328	nonmatching/game/func_L00_001FF328.c
func_L00_00211A18	nonmatching/game/func_L00_00211A18.c
func_L00_0020DAF8	nonmatching/game/func_L00_0020DAF8.c
func_L00_00284410	nonmatching/shared/func_L00_00284410.c
func_L00_001F5C60	nonmatching/shared/func_L00_001F5C60.c
func_L00_00205778	nonmatching/shared/func_L00_00205778.c
func_L00_002366DC	nonmatching/shared/func_L00_002366DC.c
func_L00_0024A60C	nonmatching/shared/func_L00_0024A60C.c
func_L00_0024DFC4	nonmatching/shared/func_L00_0024DFC4.c
func_L00_00250120	nonmatching/shared/func_L00_00250120.c
func_L00_00251358	nonmatching/shared/func_L00_00251358.c
func_L00_0025AA20	nonmatching/shared/func_L00_0025AA20.c
func_L00_002629E0	nonmatching/shared/func_L00_002629E0.c
func_L00_00262BC0	nonmatching/shared/func_L00_00262BC0.c
func_L00_002630A8	nonmatching/shared/func_L00_002630A8.c
func_L00_0026ABC0	nonmatching/shared/func_L00_0026ABC0.c
func_L00_0026C0D0	nonmatching/shared/func_L00_0026C0D0.c
func_L00_0026C3A0	nonmatching/shared/func_L00_0026C3A0.c
func_L00_00273090	nonmatching/shared/func_L00_00273090.c
func_L00_002A11E8	nonmatching/shared/func_L00_002A11E8.c
func_L00_002AA998	nonmatching/shared/func_L00_002AA998.c
func_L00_002B7EC0	nonmatching/shared/func_L00_002B7EC0.c
func_L00_002B9AA8	nonmatching/shared/func_L00_002B9AA8.c
func_L00_002BE2A0	nonmatching/shared/func_L00_002BE2A0.c
func_L00_002C0098	nonmatching/shared/func_L00_002C0098.c
func_L00_002C12B0	nonmatching/shared/func_L00_002C12B0.c
func_L00_002C48C8	nonmatching/shared/func_L00_002C48C8.c
func_L00_002CD7B0	nonmatching/shared/func_L00_002CD7B0.c
func_L00_002DCDA8	nonmatching/shared/func_L00_002DCDA8.c
func_L01_002B9E68	nonmatching/shared/func_L01_002B9E68.c
func_L01_002C8740	nonmatching/shared/func_L01_002C8740.c
func_L01_002F0938	nonmatching/shared/func_L01_002F0938.c
func_L01_002F0B48	nonmatching/shared/func_L01_002F0B48.c
func_L02_002DDAE8	nonmatching/shared/func_L02_002DDAE8.c
func_L02_002FCA80	nonmatching/shared/func_L02_002FCA80.c
func_L02_002FCE00	nonmatching/shared/func_L02_002FCE00.c
func_L04_0024D4A8	nonmatching/l04_eudora/func_L04_0024D4A8.c
func_L05_0024C558	nonmatching/shared/func_L05_0024C558.c
func_L05_003108D0	nonmatching/l05_rilgar/func_L05_003108D0.c
func_L05_00317CD8	nonmatching/l05_rilgar/func_L05_00317CD8.c
func_L06_002D9548	nonmatching/shared/func_L06_002D9548.c
func_L06_002EAF90	nonmatching/shared/func_L06_002EAF90.c
func_L06_002EB2F8	nonmatching/l06_blarg/func_L06_002EB2F8.c
func_L06_002F3D40	nonmatching/shared/func_L06_002F3D40.c
func_L07_0029C6A8	nonmatching/shared/func_L07_0029C6A8.c
func_L07_00313298	nonmatching/l07_umbris/func_L07_00313298.c
func_L07_0031E6B0	nonmatching/l07_umbris/func_L07_0031E6B0.c
func_L08_002D7758	nonmatching/l08_batalia/func_L08_002D7758.c
func_L08_002EAB30	nonmatching/l08_batalia/func_L08_002EAB30.c
func_L08_00318468	nonmatching/shared/func_L08_00318468.c
func_L09_00306DD8	nonmatching/l09_gaspar/func_L09_00306DD8.c
func_L10_002E6FA0	nonmatching/l10_orxon/func_L10_002E6FA0.c
func_L11_002D21F0	nonmatching/l11_pokitaru/func_L11_002D21F0.c
func_L11_0030F188	nonmatching/l11_pokitaru/func_L11_0030F188.c
func_L11_00310BF0	nonmatching/l11_pokitaru/func_L11_00310BF0.c
func_L13_002CFF90	nonmatching/l13_gemlik/func_L13_002CFF90.c
func_L14_002AEC58	nonmatching/l14_oltanis/func_L14_002AEC58.c
func_L14_002B6BB8	nonmatching/l14_oltanis/func_L14_002B6BB8.c
func_L14_002D8500	nonmatching/l14_oltanis/func_L14_002D8500.c
func_L14_002E1570	nonmatching/shared/func_L14_002E1570.c
func_L14_002F03E8	nonmatching/l14_oltanis/func_L14_002F03E8.c
func_L14_002FD578	nonmatching/l14_oltanis/func_L14_002FD578.c
func_L14_00306BE0	nonmatching/l14_oltanis/func_L14_00306BE0.c
func_L15_002ED3A0	nonmatching/l15_quartu/func_L15_002ED3A0.c
func_L15_002ED3C4	nonmatching/l15_quartu/func_L15_002ED3C4.c
func_L15_002ED420	nonmatching/l15_quartu/func_L15_002ED420.c
func_L15_002F8D9C	nonmatching/l15_quartu/func_L15_002F8D9C.c
func_L18_002D9C90	nonmatching/l18_veldin2/func_L18_002D9C90.c
func_L18_002F1420	nonmatching/l18_veldin2/func_L18_002F1420.c
func_L18_002FB318	nonmatching/l18_veldin2/func_L18_002FB318.c
func_L18_002FDCA0	nonmatching/l18_veldin2/func_L18_002FDCA0.c
func_L05_002F62E8	nonmatching/shared/func_L05_002F62E8.c
func_L00_00277208	nonmatching/functional/func_L00_00277208.c
func_L00_002A62D0	nonmatching/functional/func_L00_002A62D0.c
func_L14_00300AC8	nonmatching/functional/func_L14_00300AC8.c
func_L11_0031A738	nonmatching/functional/func_L11_0031A738.c
func_L15_002BEFF8	nonmatching/functional/func_L15_002BEFF8.c
func_L10_002EA578	nonmatching/functional/func_L10_002EA578.c
func_L05_002F9BA0	nonmatching/functional/func_L05_002F9BA0.c
func_L15_002E6D48	nonmatching/functional/func_L15_002E6D48.c
func_L05_0030DA08	nonmatching/functional/func_L05_0030DA08.c
func_L15_002D7C00	nonmatching/functional/func_L15_002D7C00.c
func_L00_002777C0	nonmatching/functional/func_L00_002777C0.c
func_L15_002CC858	nonmatching/functional/func_L15_002CC858.c
func_L15_0029B750	nonmatching/functional/func_L15_0029B750.c
func_L15_002A8090	nonmatching/functional/func_L15_002A8090.c
func_L00_002D7298	nonmatching/functional/func_L00_002D7298.c
func_L01_00278FA8	nonmatching/functional/func_L01_00278FA8.c
func_L00_00249720	nonmatching/functional/func_L00_00249720.c
func_L00_002497A0	nonmatching/functional/func_L00_002497A0.c
func_L01_002FABE8	nonmatching/functional/func_L01_002FABE8.c
func_L00_002DACC0	nonmatching/functional/func_L00_002DACC0.c
func_L01_0030D568	nonmatching/functional/func_L01_0030D568.c
func_002243E8	nonmatching/functional/func_002243E8.c
func_0022F738	nonmatching/functional/func_0022F738.c
func_L00_0020E3B8	nonmatching/functional/func_L00_0020E3B8.c
func_L00_00235FF8	nonmatching/functional/func_L00_00235FF8.c
func_L00_002367A8	nonmatching/functional/func_L00_002367A8.c
