# name	kind	size	relative	relative kind	relative size	similarity
func_L00_002180F8	shared	39324	func_L17_00214F68	level	36168	0.95
func_L17_00214F68	level	36168	func_L00_002180F8	shared	39324	0.95
func_L16_00214C88	level	36052	func_L18_0021F1D8	level	33392	0.84
func_L18_0021F1D8	level	33392	func_L08_00228BD0	level	30204	0.93
func_L00_0022A340	shared	33312	func_L17_002260F0	level	30672	0.90
func_L17_002260F0	level	30672	func_L00_0022A340	shared	33312	0.90
func_L08_00228BD0	level	30204	func_L18_0021F1D8	level	33392	0.93
func_L05_00245208	level	29516	func_L03_0020F650	level	26256	0.88
func_L15_0020F460	level	28236	func_L03_0020F650	level	26256	0.90
func_L18_0022F058	level	27320	func_L08_00237818	level	24428	0.88
func_L12_00238FF0	level	26488	func_L11_00247260	level	24456	0.94
func_L16_00227818	level	26480	func_L08_00237818	level	24428	0.92
func_L06_0023BBE8	level	26376	func_L14_00235DC8	level	23252	0.80
func_L03_0020F650	level	26256	func_L11_00247260	level	24456	0.94
func_L06_0022E788	level	26100	func_L14_00229440	level	25132	0.88
func_L14_00229440	level	25132	func_L06_0022E788	level	26100	0.88
func_L11_00247260	level	24456	func_L03_0020F650	level	26256	0.94
func_L08_00237818	level	24428	func_L14_00235DC8	level	23252	0.92
func_L14_00235DC8	level	23252	func_L08_00237818	level	24428	0.92
func_L15_0021D7A8	level	22912	func_L11_00254158	level	19940	0.87
func_L05_00256148	level	22460	func_L11_00254158	level	19940	0.88
func_L12_00246938	level	21588	func_L11_00254158	level	19940	0.93
func_L01_002377A8	level	21404	func_L11_00247260	level	24456	0.87
func_L00_00222B80	shared	21124	func_L17_0021ED38	level	20112	0.93
func_L03_0021CDA8	level	20272	func_L11_00254158	level	19940	0.94
func_L17_0021ED38	level	20112	func_L00_00222B80	shared	21124	0.93
func_L11_00254158	level	19940	func_L03_0021CDA8	level	20272	0.94
func_L01_00243078	level	19252	func_L11_00254158	level	19940	0.94
func_L02_002310F0	level	18756	func_L11_00254158	level	19940	0.88
func_L16_0021EA88	level	18092	func_L08_00231228	level	16688	0.91
func_L18_002284E0	level	18072	func_L08_00231228	level	16688	0.90
func_L05_0024D680	level	17384	func_L16_0021EA88	level	18092	0.87
func_L08_00231228	level	16688	func_L16_0021EA88	level	18092	0.91
func_L15_00217348	level	16252	func_L18_002284E0	level	18072	0.90
func_L06_00235E08	level	16072	func_L14_002306C8	level	14292	0.81
func_L12_002407C0	level	15492	func_L11_0024E240	level	14936	0.94
func_L03_00216D38	level	15256	func_L11_0024E240	level	14936	0.94
func_L11_0024E240	level	14936	func_L12_002407C0	level	15492	0.94
func_L14_002306C8	level	14292	func_L02_0022BE40	level	13240	0.87
func_L01_0023D688	level	13916	func_L03_00216D38	level	15256	0.93
func_L02_0022BE40	level	13240	func_L14_002306C8	level	14292	0.87
func_L00_00228770	shared	3028	func_L02_0022F568	shared	3008	0.97
func_L02_0022F568	shared	3008	func_L00_00228770	shared	3028	0.97
func_L15_002D8FA0	shared	2912	func_L18_002EC290	level	2904	0.92
func_L18_002EC290	level	2904	func_L15_002D8FA0	shared	2912	0.92
func_L01_00241620	level	2700	func_L02_0022F568	shared	3008	0.91
func_L11_0031ACA8	level	2440	func_L17_002F5C18	level	2368	0.94
func_L00_002068C8	shared	2388	func_L06_0021E7B8	shared	2252	0.95
func_L17_002F5C18	level	2368	func_L11_0031ACA8	level	2440	0.94
func_L05_0023E348	shared	2280	func_L00_00210558	shared	2216	0.98
func_L06_0021E7B8	shared	2252	func_L00_002068C8	shared	2388	0.95
func_L00_00214D60	shared	2248	func_L12_00236270	shared	2116	0.95
func_L08_002E3860	level	2228	func_L08_002EAF48	level	2084	0.90
func_L00_00210558	shared	2216	func_L05_0023E348	shared	2280	0.98
func_L00_0020C568	shared	2180	func_L01_0022D688	shared	1956	0.87
func_L08_002EA0A8	level	2180	func_L08_002EAF48	level	2084	0.87
func_L05_00240968	level	2160	func_L00_00212E70	shared	2104	0.96
func_L12_00236270	shared	2116	func_L00_00214D60	shared	2248	0.95
func_L00_00212E70	shared	2104	func_L05_00240968	level	2160	0.96
func_L14_002ACCC0	level	2100	func_L01_002BB068	shared	1956	0.86
func_L08_002EAF48	level	2084	func_L08_002E3860	level	2228	0.90
func_L02_00221CE0	level	2072	func_L12_00234498	level	1968	0.96
func_L06_0022BB20	level	2040	func_L02_00223AE0	shared	1908	0.95
func_L16_002105C8	level	2040	func_L15_0020ADD8	shared	1992	0.96
func_L01_002333D8	shared	1992	func_L15_0020ADD8	shared	1992	1.00
func_L06_00229CE8	level	1992	func_L15_0020ADD8	shared	1992	0.96
func_L15_0020ADD8	shared	1992	func_L01_002333D8	shared	1992	1.00
func_L12_00234498	level	1968	func_L15_0020ADD8	shared	1992	0.97
func_L01_0022D688	shared	1956	func_L00_0020C568	shared	2180	0.87
func_L01_002BB068	shared	1956	func_L14_002ACCC0	level	2100	0.86
func_L09_00304750	level	1936	func_L01_002BB068	shared	1956	0.84
func_L02_00223AE0	shared	1908	func_L06_0022BB20	level	2040	0.95
func_L01_002351A8	level	1756	func_L02_00223AE0	shared	1908	0.77
func_L08_003041A8	level	1672	func_L08_00306730	level	1524	0.78
func_L16_002116B0	level	1672	func_L05_00241AA0	level	1548	0.94
func_L16_002E4C08	level	1664	func_L14_002FF728	level	1632	0.99
func_L13_002B4B90	level	1660	func_L13_0030BB90	level	1632	0.84
func_L13_0030BB90	level	1632	func_L13_002B4B90	level	1660	0.84
func_L14_002FF728	level	1632	func_L16_002E4C08	level	1664	0.99
func_L07_002CECE8	level	1576	func_L07_002CE470	level	1472	0.90
func_L05_00241AA0	level	1548	func_L16_002116B0	level	1672	0.94
func_L08_00306730	level	1524	func_L08_003041A8	level	1672	0.77
func_L07_002CE470	level	1472	func_L07_002CECE8	level	1576	0.91
func_L00_0020CDF0	shared	1452	func_L01_0022DE30	shared	1384	0.86
func_L00_002C4E00	shared	1444	func_L00_002C9820	shared	1444	0.93
func_L00_002C9820	shared	1444	func_L00_002C4E00	shared	1444	0.93
func_L05_003195B0	level	1444	func_L05_00318980	level	1336	0.81
func_L00_00221D50	shared	1440	func_L15_00216568	shared	1360	0.95
func_L00_0020BFD8	shared	1424	func_L05_0023A638	level	1372	0.96
func_L02_002DD170	level	1424	func_L16_002E93F8	level	1380	0.86
func_L05_0031A188	level	1420	func_L16_002E5848	level	1312	0.90
func_L02_002ED8F0	shared	1400	func_L02_002EE250	shared	1544	0.75
func_L00_002113A0	shared	1384	func_L18_002190C8	level	1328	0.92
func_L00_00213F38	shared	1384	func_L02_00222D18	shared	1292	0.91
func_L01_0022DE30	shared	1384	func_L00_0020CDF0	shared	1452	0.86
func_L12_002E7FC8	level	1384	func_L16_002E45F8	level	1364	0.76
func_L16_002E93F8	level	1380	func_L02_002DD170	level	1424	0.86
func_L05_0023A638	level	1372	func_L00_0020BFD8	shared	1424	0.96
func_L08_00307A98	level	1364	func_L11_002D18D0	level	1232	0.78
func_L16_002E45F8	level	1364	func_L03_002DD840	shared	1304	0.76
func_L15_00216568	shared	1360	func_L06_00235038	shared	1340	0.97
func_L06_00235038	shared	1340	func_L15_00216568	shared	1360	0.97
func_L05_00318980	level	1336	func_L05_003195B0	level	1444	0.81
func_L18_002190C8	level	1328	func_L15_00209448	level	1296	0.96
func_L16_002E5848	level	1312	func_L05_0031A188	level	1420	0.90
func_L03_002DD840	shared	1304	func_L05_003195B0	level	1444	0.79
func_L00_002D3608	shared	1300	func_L00_002C88A8	shared	1296	0.96
func_L00_002C88A8	shared	1296	func_L00_002D3608	shared	1300	0.96
func_L15_00209448	level	1296	func_L18_002190C8	level	1328	0.96
func_L01_0023CE00	shared	1292	func_L06_00235038	shared	1340	0.95
func_L02_00222D18	shared	1292	func_L00_00213F38	shared	1384	0.91
func_L10_002E0FF8	level	1276	func_L10_002E2B80	level	1264	0.81
func_L01_002343F8	level	1268	func_L02_00222D18	shared	1292	0.90
func_L10_002E2B80	level	1264	func_L10_002E0FF8	level	1276	0.82
func_L11_002D18D0	level	1232	func_L08_00307A98	level	1364	0.78
func_L17_0020E320	level	1192	func_L08_00222E18	shared	1100	0.89
func_L01_002FBBD8	level	1152	func_L02_002E1B58	level	992	0.77
func_L13_002B9800	level	1128	func_L11_00312780	shared	1108	0.96
func_L16_00211178	level	1116	func_L05_00241590	level	1080	0.97
func_L18_002DCE10	level	1116	func_L18_002DD8A8	level	1116	0.76
func_L18_002DD8A8	level	1116	func_L18_002DCE10	level	1116	0.76
func_L00_00233410	shared	1112	func_L06_002431A0	shared	1112	1.00
func_L02_002368E8	level	1112	func_L06_002431A0	shared	1112	1.00
func_L06_002431A0	shared	1112	func_L02_002368E8	level	1112	1.00
func_L11_00312780	shared	1108	func_L13_002B9800	level	1128	0.96
func_L08_00222E18	shared	1100	func_L01_00231B98	shared	1072	0.95
func_L05_00241590	level	1080	func_L16_00211178	level	1116	0.97
func_L18_00214138	level	1080	func_L15_00204AC0	level	1056	0.98
func_L01_00231B98	shared	1072	func_L08_00222E18	shared	1100	0.95
func_L15_001FFED0	shared	1060	func_L01_00228598	shared	932	0.84
func_L15_00204AC0	level	1056	func_L18_00214138	level	1080	0.98
func_L00_00254A70	shared	1040	func_L00_002535C8	shared	1024	0.94
func_L15_002EC080	level	1040	func_L17_002F1FE0	level	1040	1.00
func_L17_002F1FE0	level	1040	func_L15_002EC080	level	1040	1.00
func_L02_0021BC90	level	1036	func_L18_00214138	level	1080	0.83
func_L00_0028A878	shared	1032	func_L00_0028BF60	shared	1012	0.84
func_L00_002535C8	shared	1024	func_L00_00254A70	shared	1040	0.94
func_L00_00213A60	shared	1020	func_L01_00233F58	shared	968	0.95
func_L00_0028BF60	shared	1012	func_L00_0028A878	shared	1032	0.84
func_L16_002E9960	level	1000	func_L02_002DD700	level	996	0.88
func_L02_002DD700	level	996	func_L16_002E9960	level	1000	0.88
func_L01_002FABE8	level	992	func_L02_002E1B58	level	992	0.81
func_L02_002E1B58	level	992	func_L01_002FABE8	level	992	0.81
func_L04_002C5560	level	980	func_L08_002DB768	level	972	0.97
func_L08_002DB768	level	972	func_L04_002C5560	level	980	0.97
func_L01_00233F58	shared	968	func_L00_00213A60	shared	1020	0.95
func_L11_003205C0	level	960	func_L11_0031F760	level	952	0.97
func_L06_0022A868	shared	956	func_L01_00233F58	shared	968	0.92
func_L05_00251DB0	shared	952	func_L00_00228180	shared	908	0.94
func_L06_00228510	level	952	func_L14_00223140	level	864	0.86
func_L11_0031F760	level	952	func_L11_003205C0	level	960	0.97
func_L01_00228598	shared	932	func_L15_001FFED0	shared	1060	0.84
func_L00_002129D0	shared	928	func_L15_0020A960	shared	888	0.96
func_L02_002228B0	level	912	func_L01_00233F58	shared	968	0.90
func_L00_00228180	shared	908	func_L05_00251DB0	shared	952	0.94
func_L16_00209D98	level	908	func_L08_0021DFB8	level	860	0.96
func_L12_002E43A8	level	900	func_L10_002E4E50	level	856	0.86
func_L06_00229868	shared	896	func_L15_0020A960	shared	888	0.98
func_L05_0030DA08	shared	888	func_L14_00308000	level	872	0.80
func_L15_0020A960	shared	888	func_L06_00229868	shared	896	0.98
func_L15_002EF030	level	888	func_L15_002EF410	level	888	1.00
func_L15_002EF410	level	888	func_L15_002EF030	level	888	1.00
func_L08_002F2A08	level	876	func_L08_0030AC70	level	868	0.97
func_L14_00308000	level	872	func_L05_0030DA08	shared	888	0.80
func_L08_0030AC70	level	868	func_L08_002F2A08	level	876	0.97
func_L14_00223140	level	864	func_L02_002205B0	level	836	0.94
func_L08_0021DFB8	level	860	func_L01_0022D340	shared	836	0.98
func_L10_002E4E50	level	856	func_L12_002E43A8	level	900	0.86
func_L15_002EC4F8	level	848	func_L17_002F2BD8	level	848	0.99
func_L17_002F2BD8	level	848	func_L15_002EC4F8	level	848	0.99
func_L01_00232F90	shared	840	func_L15_0020A960	shared	888	0.93
func_L01_0022D340	shared	836	func_L08_0021DFB8	level	860	0.98
func_L02_002205B0	level	836	func_L14_00223140	level	864	0.94
func_L05_00308468	level	836	func_L16_002D0FC8	level	836	1.00
func_L16_002D0FC8	level	836	func_L05_00308468	level	836	1.00
func_L01_002F0B48	shared	788	func_L06_002EB5C8	shared	768	0.87
func_L06_002EB5C8	shared	768	func_L01_002F0B48	shared	788	0.87
func_L01_0030A8C8	shared	756	func_L11_002F40C8	level	740	0.88
func_L11_0023CD98	level	756	func_L01_0022D340	shared	836	0.90
func_L00_00211A38	shared	748	func_L17_0020E8F8	level	704	0.94
func_L06_002FE890	level	740	func_L06_002FEB78	level	740	0.99
func_L06_002FEB78	level	740	func_L06_002FE890	level	740	0.99
func_L11_002F40C8	level	740	func_L01_0030A8C8	shared	756	0.88
func_L00_0026F248	shared	712	func_L00_002742E8	shared	704	0.93
func_L05_003054B0	level	712	func_L00_00262DF0	shared	692	0.76
func_L08_002E9CB0	level	708	func_L08_002EAB30	level	700	0.93
func_L00_002742E8	shared	704	func_L00_0026F248	shared	712	0.93
func_L06_00300DA8	shared	704	func_L13_0030B080	level	704	1.00
func_L13_0030B080	level	704	func_L06_00300DA8	shared	704	1.00
func_L17_0020E8F8	level	704	func_L00_00211A38	shared	748	0.94
func_L08_002EAB30	level	700	func_L08_002E9CB0	level	708	0.93
func_L00_00229B78	shared	696	func_L01_002428E0	shared	648	0.89
func_L15_002DA238	shared	696	func_L18_002ED520	level	696	0.97
func_L18_002ED520	level	696	func_L15_002DA238	shared	696	0.97
func_L00_00262DF0	shared	692	func_L05_003054B0	level	712	0.76
func_L00_002BC3B8	shared	688	func_L15_002DA238	shared	696	0.92
func_L11_0031BC48	level	680	func_L17_002F6AF8	level	676	0.95
func_L13_002EA598	level	676	func_L13_002C4F10	level	640	0.76
func_L17_002F6AF8	level	676	func_L11_0031BC48	level	680	0.95
func_L00_00214520	shared	672	func_L01_00234970	shared	660	0.97
func_L00_002A92C8	shared	664	func_L01_002C84D8	shared	616	0.85
func_L01_00234970	shared	660	func_L00_00214520	shared	672	0.97
func_L14_0021E3A8	level	660	func_L11_0023CD98	level	756	0.81
func_L01_0030E9C8	shared	656	func_L01_002E4920	shared	644	0.84
func_L01_002428E0	shared	648	func_L00_00229B78	shared	696	0.89
func_L01_002E4920	shared	644	func_L01_0030E9C8	shared	656	0.85
func_L00_002AAEF0	shared	640	func_L00_002C44C8	shared	636	0.75
func_L13_002C4F10	level	640	func_L13_002EA598	level	676	0.75
func_L00_002ADE90	shared	636	func_L00_002C44C8	shared	636	1.00
func_L00_002C44C8	shared	636	func_L00_002ADE90	shared	636	1.00
func_L12_00233130	level	632	func_L14_002235D0	level	608	0.92
func_L12_002EC5A0	level	632	func_L03_002CF600	shared	564	0.86
func_L15_00209A88	shared	632	func_L01_002320F8	shared	568	0.88
func_L02_002D6C30	level	620	func_L12_002E2CB8	level	564	0.76
func_L01_002C84D8	shared	616	func_L00_002A92C8	shared	664	0.85
func_L06_002289F8	level	616	func_L02_00220A28	level	544	0.87
func_L14_002235D0	level	608	func_L12_00233130	level	632	0.92
func_L16_002EAD58	level	596	func_L16_002EB5A0	level	596	0.99
func_L16_002EB5A0	level	596	func_L16_002EAD58	level	596	0.99
func_L02_002EEA90	shared	592	func_L02_002EE858	shared	564	0.93
func_L15_002F9AE8	level	592	func_L02_002FCBC0	shared	576	0.97
func_L06_002FAB28	level	588	func_L10_002E5C00	level	580	0.97
func_L16_002E6478	level	584	func_L16_002E66C0	level	584	0.89
func_L16_002E66C0	level	584	func_L16_002E6478	level	584	0.88
func_L16_002EA2F8	level	584	func_L16_002EB5A0	level	596	0.92
func_L16_002EA828	level	584	func_L16_002EB5A0	level	596	0.88
func_L07_0030E128	level	580	func_L13_0030B940	level	580	0.99
func_L10_002E5C00	level	580	func_L06_002FAB28	level	588	0.97
func_L11_0030FBF8	level	580	func_L13_0030B940	level	580	0.99
func_L12_002C0940	level	580	func_L13_0030B940	level	580	0.99
func_L13_0030B940	level	580	func_L12_002C0940	level	580	0.99
func_L02_002FCBC0	shared	576	func_L15_002F9AE8	level	592	0.97
func_L00_002C3790	shared	572	func_L00_002C8680	shared	548	0.89
func_L13_002BA828	level	572	func_L17_002ED258	level	572	0.99
func_L17_002ED258	level	572	func_L13_002BA828	level	572	0.99
func_L01_002320F8	shared	568	func_L02_00220A28	level	544	0.91
func_L04_002E30E0	level	568	func_L10_00299AF0	shared	548	0.90
func_L02_002EDE68	shared	564	func_L02_002EE858	shared	564	0.99
func_L02_002EE858	shared	564	func_L02_002EDE68	shared	564	0.99
func_L03_002CF600	shared	564	func_L15_002C7C20	level	556	0.89
func_L11_00312BD8	level	564	func_L17_002EC5D0	level	520	0.75
func_L12_002E2CB8	level	564	func_L02_002D6C30	level	620	0.76
func_L15_002C7C20	level	556	func_L03_002CF600	shared	564	0.89
func_L00_0026CB48	shared	552	func_L00_0026DB50	shared	544	0.96
func_L06_00303630	level	552	func_L18_002D9488	level	552	1.00
func_L15_002D8BB0	shared	552	func_L18_002D9488	level	552	0.97
func_L18_002D9488	level	552	func_L06_00303630	level	552	1.00
func_L00_00262BC0	shared	548	func_L00_002629E0	shared	476	0.76
func_L00_002B0D30	shared	548	func_L04_002E6558	level	548	0.95
func_L00_002C8680	shared	548	func_L00_002C3790	shared	572	0.88
func_L02_002EBCE8	shared	548	func_L16_002CAA18	level	548	0.97
func_L04_002E6558	level	548	func_L00_002B0D30	shared	548	0.95
func_L10_00299AF0	shared	548	func_L04_002E30E0	level	568	0.89
func_L16_002CAA18	level	548	func_L02_002EBCE8	shared	548	0.97
func_L00_0026DB50	shared	544	func_L00_0026CB48	shared	552	0.96
func_L02_00220A28	level	544	func_L01_002320F8	shared	568	0.91
func_L05_0030EB68	level	532	func_L13_0030B940	level	580	0.76
func_L14_00306FA0	level	528	func_L00_002E1C38	shared	512	0.87
func_L06_002FC6D8	level	520	func_L06_002FCA98	level	520	0.97
func_L06_002FCA98	level	520	func_L06_002FC6D8	level	520	0.97
func_L16_002D0DC0	level	520	func_L05_00308268	level	512	0.93
func_L17_002EC5D0	level	520	func_L13_002B9C68	level	488	0.92
func_L00_002E1C38	shared	512	func_L14_00306FA0	level	528	0.85
func_L05_00308268	level	512	func_L16_002D0DC0	level	520	0.93
func_L00_002076E8	shared	500	func_L03_00200890	shared	492	0.98
func_L00_002715F8	shared	496	func_L00_00270BC8	shared	484	0.98
func_L03_00200890	shared	492	func_L00_002076E8	shared	500	0.98
func_L13_002B9C68	level	488	func_L17_002EC5D0	level	520	0.92
func_L14_002AF4A0	level	488	func_L14_002B4C70	shared	460	0.75
func_L00_00270BC8	shared	484	func_L00_002715F8	shared	496	0.98
func_L01_00228E08	shared	484	func_L03_00200890	shared	492	0.98
func_L09_00304EE0	level	476	func_L11_00311318	level	472	0.76
func_L11_00311318	level	472	func_L09_00304EE0	level	476	0.76
func_L00_00264690	shared	464	func_L08_002D5410	shared	464	0.76
func_L08_002D5410	shared	464	func_L00_00264690	shared	464	0.77
func_L06_0030ACA0	level	460	func_L07_00320980	level	460	1.00
func_L07_003207A8	level	460	func_L07_00320980	level	460	1.00
func_L07_00320980	level	460	func_L07_003207A8	level	460	1.00
func_L14_002B4C70	shared	460	func_L14_002AF4A0	level	488	0.77
func_L00_002ADBB0	shared	456	func_L00_002E0CB8	shared	396	0.87
func_L01_003102F0	level	456	func_L16_002EA010	level	420	0.91
func_L06_00300530	shared	452	func_L13_0030A828	level	392	0.79
func_L11_00312510	level	452	func_L17_002EBF08	level	452	1.00
func_L13_002B9590	level	452	func_L17_002EBF08	level	452	1.00
func_L15_002D8DD8	shared	452	func_L18_002EC0C8	level	452	0.96
func_L17_002EBF08	level	452	func_L13_002B9590	level	452	1.00
func_L18_002EC0C8	level	452	func_L15_002D8DD8	shared	452	0.96
func_L00_002BA608	shared	444	func_L18_002EC0C8	level	452	0.89
func_L11_0031EFC0	level	444	func_L08_0030A4F0	level	412	0.94
func_L17_002F7018	level	440	func_L17_002F7C78	level	440	0.98
func_L17_002F7C78	level	440	func_L17_002F7018	level	440	0.98
func_L13_002E7E90	shared	428	func_L11_0030A748	level	384	0.92
func_L07_0031A268	level	424	func_L00_002E04F8	shared	408	0.80
func_L14_002FFF08	level	424	func_L16_002E5408	level	368	0.87
func_L05_0031AC50	shared	420	func_L16_002E61F0	level	420	1.00
func_L08_002DD818	level	420	func_L16_002E61F0	level	420	1.00
func_L16_002E61F0	level	420	func_L08_002DD818	level	420	1.00
func_L16_002EA010	level	420	func_L01_003102F0	level	456	0.91
func_L18_002F3A80	level	420	func_L18_002F3DD0	level	420	0.99
func_L18_002F3C28	level	420	func_L18_002F3DD0	level	420	0.99
func_L18_002F3DD0	level	420	func_L18_002F3C28	level	420	0.99
func_L00_002C93D8	shared	416	func_L00_002C4748	shared	384	0.80
func_L06_0030B248	level	416	func_L06_0030B3E8	level	416	1.00
func_L06_0030B3E8	level	416	func_L06_0030B248	level	416	1.00
func_L08_002F2288	level	412	func_L08_0030A4F0	level	412	1.00
func_L08_0030A4F0	level	412	func_L08_002F2288	level	412	1.00
func_L00_002E04F8	shared	408	func_L07_0031A268	level	424	0.80
func_L14_002B64E0	level	408	func_L14_002B5590	level	356	0.84
func_L11_00309C18	shared	388	func_L11_0030A318	shared	336	0.77
func_L00_0028A6F8	shared	384	func_L00_0028B8F8	shared	384	0.99
func_L00_0028B8F8	shared	384	func_L00_0028A6F8	shared	384	0.99
func_L00_002C4748	shared	384	func_L00_002C93D8	shared	416	0.81
func_L03_002D50A0	level	384	func_L07_00320B50	level	384	1.00
func_L07_00320B50	level	384	func_L03_002D50A0	level	384	1.00
func_L11_0030A748	level	384	func_L13_002E7E90	shared	428	0.92
func_L00_002BBC78	shared	368	func_L15_002D9B00	shared	360	0.82
func_L02_002E1400	level	368	func_L02_002E1570	level	328	0.82
func_L15_002D9B00	shared	360	func_L00_002BBC78	shared	368	0.82
func_L14_002B5590	level	356	func_L14_002B64E0	level	408	0.84
func_L13_002BB068	level	348	func_L17_002EDAF0	level	336	0.91
func_L08_002EADF0	level	344	func_L08_002E9F78	level	304	0.91
func_L11_00313A70	level	336	func_L17_002EDAF0	level	336	0.95
func_L17_002EDAF0	level	336	func_L11_00313A70	level	336	0.95
func_L02_002E1570	level	328	func_L02_002E1400	level	368	0.82
func_L13_002EA450	level	328	func_L13_002C4C10	level	316	0.76
func_L13_002C4C10	level	316	func_L13_002EA450	level	328	0.77
func_L16_002EA1B8	level	316	func_L16_002EAC18	level	316	1.00
func_L16_002EA6E8	level	316	func_L16_002EAC18	level	316	0.91
func_L16_002EAC18	level	316	func_L16_002EA1B8	level	316	1.00
func_L02_002D5098	level	308	func_L04_002C5938	shared	276	0.90
func_L08_002E9F78	level	304	func_L08_002EADF0	level	344	0.91
func_L13_002BB1C8	level	300	func_L17_002EDC40	level	288	0.88
func_L01_002F6418	shared	296	func_L03_0029DA60	level	296	1.00
func_L03_0029DA60	level	296	func_L01_002F6418	shared	296	1.00
func_L17_002F6DA0	level	296	func_L16_002D7B08	level	252	0.82
func_L01_00280428	shared	292	func_L07_0029D2B8	level	272	0.87
func_L00_00272770	shared	288	func_L01_00288A48	level	268	0.79
func_L00_0028C358	shared	288	func_L00_0028BC70	shared	252	0.80
func_L17_002EDC40	level	288	func_L13_002BB1C8	level	300	0.88
func_L04_002C5938	shared	276	func_L02_002D5098	level	308	0.89
func_L07_0029D2B8	level	272	func_L01_00280428	shared	292	0.87
func_L00_00245FE0	shared	268	func_L00_00245E98	shared	248	0.82
func_L01_00288A48	level	268	func_L00_00272770	shared	288	0.79
func_L08_002D35E8	level	268	func_L08_002DDC18	level	264	0.98
func_L16_002EB158	level	268	func_L17_002F71D0	level	268	0.99
func_L17_002F71D0	level	268	func_L17_002F74E8	level	268	0.99
func_L17_002F74E8	level	268	func_L17_002F71D0	level	268	0.99
func_L08_002DDC18	level	264	func_L08_002D35E8	level	268	0.98
func_L00_0028BC70	shared	252	func_L00_0028C358	shared	288	0.80
func_L16_002D7B08	level	252	func_L10_002ECAB0	level	236	0.84
func_L00_00245E98	shared	248	func_L00_00245FE0	shared	268	0.82
func_L01_002FC890	shared	248	func_L01_002FC058	level	228	0.77
func_L02_002F3398	level	248	func_L12_0030CAA8	level	248	1.00
func_L03_002E3D10	level	248	func_L12_0030CAA8	level	248	1.00
func_L04_002E8D88	level	248	func_L12_0030CAA8	level	248	1.00
func_L08_0030D0C0	level	248	func_L12_0030CAA8	level	248	1.00
func_L09_0030BA28	level	248	func_L12_0030CAA8	level	248	1.00
func_L11_0031EC48	level	248	func_L12_0030CAA8	level	248	1.00
func_L12_0030CAA8	level	248	func_L11_0031EC48	level	248	1.00
func_L07_00315430	level	244	func_L12_002E7EE0	shared	232	0.89
func_L16_002A1B58	shared	244	func_L18_002A87D0	level	240	0.78
func_L16_002D6E98	level	244	func_L16_002D6F90	level	240	0.89
func_L16_002D6F90	level	240	func_L16_002D6E98	level	244	0.89
func_L18_002A87D0	level	240	func_L16_002A1B58	shared	244	0.78
func_L01_00300400	shared	236	func_L05_003188A8	shared	216	0.76
func_L10_002ECAB0	level	236	func_L12_0030CAA8	level	248	0.88
func_L02_002E2110	shared	232	func_L12_002E7EE0	shared	232	0.98
func_L12_002E7EE0	shared	232	func_L02_002E2110	shared	232	0.98
func_L00_0028B4E0	shared	228	func_L00_0028AEB0	shared	220	0.98
func_L01_002F0850	shared	228	func_L05_003053D8	level	216	0.92
func_L01_002FC058	level	228	func_L02_002E2110	shared	232	0.87
func_L02_002ED740	shared	228	func_L02_002EE0A0	shared	228	1.00
func_L02_002EE0A0	shared	228	func_L02_002ED740	shared	228	1.00
func_L16_002CA930	level	228	func_L06_002F8978	shared	224	0.99
func_L00_002D80A0	shared	224	func_L14_00306EC0	level	224	1.00
func_L01_00309848	shared	224	func_L14_00306EC0	level	224	1.00
func_L02_002EBC08	shared	224	func_L06_002F8978	shared	224	1.00
func_L06_002F8978	shared	224	func_L02_002EBC08	shared	224	1.00
func_L14_00306EC0	level	224	func_L01_00309848	shared	224	1.00
func_L00_0028AEB0	shared	220	func_L00_0028B4E0	shared	228	0.98
func_L05_0031ADF8	shared	220	func_L16_002E6398	level	220	1.00
func_L16_002E6398	level	220	func_L05_0031ADF8	shared	220	1.00
func_L01_002888C8	level	216	func_L00_002729B8	shared	204	0.86
func_L03_002DC848	shared	216	func_L05_003188A8	shared	216	0.98
func_L05_003053D8	level	216	func_L01_002F0850	shared	228	0.92
func_L05_003188A8	shared	216	func_L03_002DC848	shared	216	0.98
func_L08_002F2000	level	216	func_L11_0031FB18	level	216	1.00
func_L08_002F20D8	shared	216	func_L11_0031FCC8	shared	216	1.00
func_L08_002F21B0	shared	216	func_L11_0031FCC8	shared	216	1.00
func_L08_0030A278	level	216	func_L11_0031FB18	level	216	1.00
func_L08_0030A350	level	216	func_L11_0031FCC8	shared	216	1.00
func_L10_002ECBA0	level	216	func_L10_002ECAB0	level	236	0.85
func_L11_0031FB18	level	216	func_L08_0030A278	level	216	1.00
func_L11_0031FBF0	level	216	func_L11_0031FCC8	shared	216	1.00
func_L11_0031FCC8	shared	216	func_L11_0031FBF0	level	216	1.00
func_L05_002D8190	level	212	func_L02_002EE0A0	shared	228	0.89
func_L18_002F3F78	level	212	func_L05_003188A8	shared	216	0.86
func_L00_002729B8	shared	204	func_L01_002888C8	level	216	0.86
func_L18_002D8070	level	204	func_L05_003053D8	level	216	0.82
func_L02_002ED828	shared	200	func_L02_002EE188	shared	200	0.98
func_L02_002EE188	shared	200	func_L02_002ED828	shared	200	0.98
func_L08_0030A428	level	200	func_L11_0031ED48	level	200	0.96
func_L11_0031ED48	level	200	func_L08_0030A428	level	200	0.96
func_L14_002B45A8	shared	192	func_L12_0027CA68	level	172	0.77
func_L00_00205618	shared	184	func_L17_00202740	level	172	0.94
func_L00_002CC2B0	shared	176	func_L04_002C5450	level	176	1.00
func_L01_002F30F0	shared	176	func_L04_002C5450	level	176	0.91
func_L04_002BB700	level	176	func_L04_002D29E8	level	172	0.83
func_L04_002C5450	level	176	func_L00_002CC2B0	shared	176	1.00
func_L05_0031ABA0	level	176	func_L16_002E6140	level	176	1.00
func_L16_002E6140	level	176	func_L05_0031ABA0	level	176	1.00
func_L04_002D29E8	level	172	func_L04_002BB700	level	176	0.83
func_L12_0027CA68	level	172	func_L14_002B45A8	shared	192	0.77
func_L17_00202740	level	172	func_L00_00205618	shared	184	0.94
func_L09_002EF6D0	level	164	func_L09_002F10F8	level	148	0.79
func_L06_0021D6B8	level	156	func_L15_001FED10	shared	156	1.00
func_L12_002284A8	shared	156	func_L01_002274A8	shared	140	0.89
func_L15_001FED10	shared	156	func_L06_0021D6B8	level	156	1.00
func_L03_002D5008	level	152	func_L03_002DE4B8	level	152	1.00
func_L03_002DE4B8	level	152	func_L03_002D5008	level	152	1.00
func_L05_0031AB08	shared	152	func_L16_002E60A8	level	152	1.00
func_L14_002F2880	level	152	func_L11_002F4040	level	136	0.81
func_L16_002E60A8	level	152	func_L05_0031AB08	shared	152	1.00
func_L04_002CF460	shared	148	func_L04_002D48B8	level	148	1.00
func_L04_002D48B8	level	148	func_L04_002CF460	shared	148	1.00
func_L09_002F10F8	level	148	func_L09_002EF6D0	level	164	0.79
func_L06_002D98E0	shared	144	func_L10_002ECC80	level	144	0.86
func_L10_002DEC08	level	144	func_L10_002ECC80	level	144	1.00
func_L10_002ECC80	level	144	func_L10_002DEC08	level	144	1.00
func_L00_0028F0B0	shared	140	func_0022EE28	exe	140	0.91
func_L01_002274A8	shared	140	func_L12_002284A8	shared	156	0.89
func_L00_00227E08	shared	136	func_L06_00239CD0	shared	120	0.75
func_L11_002F4040	level	136	func_L14_002F2880	level	152	0.81
func_L15_0029BD88	shared	136	func_L17_002F1F58	level	136	1.00
func_L17_002F1F58	level	136	func_L15_0029BD88	shared	136	1.00
func_L05_0031AA20	shared	132	func_L16_002E5FC0	level	132	1.00
func_L16_002E5FC0	level	132	func_L05_0031AA20	shared	132	1.00
func_L00_001FB7F8	shared	124	func_001F6968	exe	124	1.00
func_L00_002123B0	shared	124	func_L00_002634F8	shared	124	0.81
func_L00_002634F8	shared	124	func_L00_002123B0	shared	124	0.77
func_L00_00264E28	shared	124	func_L00_00264DB8	shared	108	0.76
func_L01_00252E80	level	124	func_L18_00241168	level	124	1.00
func_L02_00240980	level	124	func_L18_00241168	level	124	1.00
func_L03_0022CFA8	level	124	func_L18_00241168	level	124	1.00
func_L03_002DDD78	level	124	func_L14_003047F8	level	124	1.00
func_L04_00231860	level	124	func_L18_00241168	level	124	1.00
func_L05_00267EB0	level	124	func_L18_00241168	level	124	1.00
func_L06_0024DB80	level	124	func_L18_00241168	level	124	1.00
func_L07_00266470	level	124	func_L18_00241168	level	124	1.00
func_L08_00248A58	level	124	func_L18_00241168	level	124	1.00
func_L09_0025DEE0	level	124	func_L18_00241168	level	124	1.00
func_L10_002318E8	level	124	func_L18_00241168	level	124	1.00
func_L11_00264210	level	124	func_L18_00241168	level	124	1.00
func_L12_00257060	level	124	func_L18_00241168	level	124	1.00
func_L13_0024A0F0	level	124	func_L18_00241168	level	124	1.00
func_L14_002462D8	level	124	func_L18_00241168	level	124	1.00
func_L14_003047F8	level	124	func_L03_002DDD78	level	124	1.00
func_L15_0022E3F8	level	124	func_L18_00241168	level	124	1.00
func_L16_0023A530	level	124	func_L18_00241168	level	124	1.00
func_L17_00239660	level	124	func_L18_00241168	level	124	1.00
func_L18_00241168	level	124	func_L17_00239660	level	124	1.00
func_L00_0028BBF8	shared	120	func_L00_0028BD70	shared	112	0.97
func_L06_00239CD0	shared	120	func_L15_0021B2C8	shared	120	0.97
func_L15_0021B2C8	shared	120	func_L06_00239CD0	shared	120	0.97
func_L02_002EB5D0	level	116	func_L14_003047F8	level	124	0.87
func_L06_00301068	level	116	func_L06_002EB260	level	108	0.93
func_L00_0028BD70	shared	112	func_L00_0028BBF8	shared	120	0.97
func_L00_00264DB8	shared	108	func_L00_00264E28	shared	124	0.76
func_L00_0029A8D0	shared	108	func_L00_0029A868	shared	104	0.87
func_L04_002428C8	shared	108	func_L04_00242868	shared	92	0.76
func_L06_002DB1D8	level	108	func_L06_002DB248	level	100	0.88
func_L06_002EB260	level	108	func_L06_00301068	level	116	0.93
func_L00_00258C80	shared	104	func_002140F8	exe	92	0.78
func_L00_0029A868	shared	104	func_L00_0029A8D0	shared	108	0.87
func_L10_002E14F8	level	104	func_L06_002FAAC8	level	96	0.76
func_L18_002D7670	level	104	func_L18_002FE1C0	level	104	1.00
func_L18_002FE1C0	level	104	func_L18_002D7670	level	104	1.00
func_L03_002DDE38	level	100	func_L10_002C0388	level	100	0.96
func_L06_002DB248	level	100	func_L06_002DB1D8	level	108	0.88
func_L10_002C0388	level	100	func_L03_002DDE38	level	100	0.96
func_L00_001FF548	shared	96	func_L00_001FF5B0	shared	88	0.83
func_L06_002FAAC8	level	96	func_L10_002E14F8	level	104	0.76
func_L00_001FF5B0	shared	88	func_L00_001FF548	shared	96	0.83
func_L00_002EBE88	shared	88	func_L00_002EBEE0	shared	88	1.00
func_L00_002EBEE0	shared	88	func_L00_002EBE88	shared	88	1.00
func_L01_0026F090	shared	88	func_L18_002FBCE8	level	88	0.86
func_L18_002FBCE8	level	88	func_L01_0026F090	shared	88	0.86
func_L00_0024A3B0	shared	84	func_L00_0024A60C	shared	76	0.75
func_L12_002E8530	level	84	func_L14_00308EB0	level	84	1.00
func_L14_00308EB0	level	84	func_L12_002E8530	level	84	1.00
func_L14_00308F08	level	84	func_L16_002EB268	shared	76	0.80
func_L00_0024BA10	shared	80	func_L00_0024BCA0	shared	80	0.90
func_L00_0024BCA0	shared	80	func_L00_0024BA10	shared	80	0.90
func_L01_0026F040	shared	80	func_L06_002F5A20	level	72	0.84
func_L12_002E9A50	level	80	func_L04_002C5B88	level	72	0.79
func_L18_002FBD40	level	80	func_L04_002C5B88	level	72	0.84
func_L00_00236750	shared	76	func_L00_00237B20	shared	76	1.00
func_L00_00237B20	shared	76	func_L00_00236750	shared	76	1.00
func_L00_00249750	shared	76	func_L00_0024A570	shared	76	0.84
func_L00_0024A198	shared	76	func_L00_0024A210	shared	76	1.00
func_L00_0024A210	shared	76	func_L00_0024A198	shared	76	1.00
func_L00_0024A490	shared	76	func_L00_0024A5C0	shared	76	0.95
func_L00_0024A570	shared	76	func_L00_0024A60C	shared	76	0.95
func_L00_0024A5C0	shared	76	func_L00_0024A490	shared	76	0.95
func_L00_0024A60C	shared	76	func_L00_0024A570	shared	76	0.95
func_L00_002CC210	shared	76	func_L18_002FE070	level	76	1.00
func_L00_002D6B90	shared	76	func_L18_002FE070	level	76	1.00
func_L01_002F0ED0	shared	76	func_L18_002FE070	level	76	1.00
func_L01_002F3050	shared	76	func_L18_002FE070	level	76	1.00
func_L02_002D75F8	shared	76	func_L18_002FE070	level	76	1.00
func_L12_002E2A68	level	76	func_L18_002FE070	level	76	1.00
func_L16_002EB268	shared	76	func_L14_00308F08	level	84	0.80
func_L18_002D7580	level	76	func_L18_002FE070	level	76	0.95
func_L18_002FE070	level	76	func_L12_002E2A68	level	76	1.00
func_L04_002C5B88	level	72	func_L18_002FBD40	level	80	0.84
func_L06_002F5A20	level	72	func_L01_0026F040	shared	80	0.84
func_L00_0020DC68	shared	68	func_L05_0023BA64	shared	60	0.88
func_L00_0023B0F8	shared	68	func_L00_00237B20	shared	76	0.89
func_L05_00266B90	shared	68	func_L00_0023B0F8	shared	68	0.88
func_L00_00236710	shared	64	func_L05_00266B90	shared	68	0.79
func_L00_00251388	shared	64	func_L00_002513F8	shared	64	1.00
func_L00_002513F8	shared	64	func_L00_00251388	shared	64	1.00
func_L03_002C6F40	level	64	func_L03_002C8120	level	64	1.00
func_L03_002C8120	level	64	func_L03_002C6F40	level	64	1.00
