# name	roles (role:levels)
func_001E9768	ExitCamera_0:00/01/02/03/04/05/06/07/08/09/10/11/12/13/14/15/16/17/18,ExitCamera_5:00/01/02/03/04/05/06/07/08/09/10/11/12/13/14/15/16/17/18,ExitCamera_6:00/01/02/03/04/05/06/07/08/09/10/11/12/13/14/15/16/17/18,ExitCamera_8:05/16,ExitCamera_17:00/01/02/03/04/05/06/09/10/11/12/14/15/17,ExitCamera_18:02/03/06/07/08/12/18,ExitCamera_19:10/13/14/15,ExitCamera_20:14,ExitCamera_22:15,ExitCamera_23:00/04/06/07/08/09/10/13/15/16/18,UpdateMoby_85:04,UpdateMoby_87:06/10,UpdateMoby_164:12,UpdateMoby_178:12,UpdateMoby_283:15,UpdateMoby_284:09,UpdateMoby_324:09,UpdateMoby_346:12,UpdateMoby_419:15/18,UpdateMoby_433:00/01/02/03/04/05/06/07/08/09/10/11/12/13/14/15/16/17/18,UpdateMoby_499:04/12,UpdateMoby_531:01/14/15,UpdateMoby_532:07/10,UpdateMoby_566:08,UpdateMoby_570:04,UpdateMoby_618:00/01/02/03/04/05/06/07/08/09/10/11/12/13/14/15/16/17/18,UpdateMoby_690:02,UpdateMoby_765:14,UpdateMoby_789:02,UpdateMoby_876:16,UpdateMoby_913:13/14,UpdateCamera_17:00/01/02/03/04/05/06/09/10/11/12/14/15/17,UpdateCamera_18:02/03/06/07/08/12/18,UpdateCamera_22:15,UpdateCamera_23:00/04/06/07/08/09/10/13/15/16/18,UpdateMoby_1104:07,UpdateMoby_1122:10,UpdateMoby_1140:05/16,UpdateMoby_1249:00/17/18,UpdateMoby_1278:12,UpdateMoby_1280:12,UpdateMoby_1289:00/01/02/03/04/05/06/07/08/09/10/11/12/13/14/15/16/17/18,UpdateMoby_1300:09,UpdateMoby_1322:12,UpdateMoby_1396:14,UpdateMoby_1514:05/14,UpdateMoby_1651:07,UpdateMoby_1672:06,UpdateMoby_1816:01,UpdateMoby_1820:02,UpdateMoby_1828:03,UpdateMoby_1835:04,UpdateMoby_1845:08,UpdateMoby_1850:09,UpdateMoby_1857:10,UpdateMoby_1860:11,UpdateMoby_1863:12,UpdateMoby_1874:17,UpdateMoby_1877:17,UpdateMoby_1921:10,ActivateCamera_17:00/01/02/03/04/05/06/09/10/11/12/14/15/17,ActivateCamera_18:02/03/06/07/08/12/18,ActivateCamera_22:15,ActivateCamera_23:00/04/06/07/08/09/10/13/15/16/18
func_001E97C8	InitCamera_0:00/01/02/03/04/05/06/07/08/09/10/11/12/13/14/15/16/17/18,InitCamera_3:01/05/08/16/17,InitCamera_5:00/01/02/03/04/05/06/07/08/09/10/11/12/13/14/15/16/17/18,InitCamera_6:00/01/02/03/04/05/06/07/08/09/10/11/12/13/14/15/16/17/18,InitCamera_7:02/03/04/05/06/07/09/10/11/12/13/14/15/16/17/18,InitCamera_8:05/16
func_00202790	UpdateCamera_8:05/16
func_00216270	UpdateMoby_1750:18
func_0023BF48	UpdateMoby_676:01
func_L00_00237B70	UpdateCamera_1:03/04,UpdateCamera_6:00/01/02/03/04/05/06/07/08/09/10/11/12/13/14/15/16/17/18,UpdateMoby_482:16,ActivateCamera_1:03/04
func_L00_002A5F68	UpdateMoby_809:00/01/14
func_L00_002A60D8	UpdateMoby_1007:00/01/02/03/04/05/06/07/08/09/10/11/12/13/14/15/16/17/18
func_L00_002A6A38	UpdateMoby_11:00/01/02/03/04/05/06/07/08/09/10/11/12/13/14/15/16/17/18
func_L00_002A7078	UpdateMoby_13:00/01/02/03/04/05/06/07/08/09/10/11/12/13/14/15/16/17/18,UpdateMoby_14:00/01/02/03/04/05/06/07/08/09/10/11/12/13/14/15/16/17/18,UpdateMoby_15:00/01/02/03/04/05/06/07/08/09/10/11/12/13/14/15/16/17/18,UpdateMoby_16:00/01/02/03/04/05/06/07/08/09/10/11/12/13/14/15/16/17/18
func_L00_002A9768	UpdateMoby_71:00/01/02/03/04/05/06/07/08/09/10/11/12/13/14/15/16/17/18
func_L00_002AB910	UpdateMoby_74:00/01/02/03/04/05/06/07/08/09/10/11/12/13/14/15/16/17/18
func_L00_002ADD78	UpdateMoby_112:00/01/02/03/04/05/06/07/08/09/10/11/12/13/14/15/16/17/18,UpdateMoby_1192:00/01/02/03/04/05/06/07/08/09/10/11/12/13/14/15/16/17/18
func_L00_002AEDD0	UpdateMoby_121:00/01/02/03/04/05/06/07/08/09/10/11/12/13/14/15/16/17/18
func_L00_002B08A0	UpdateMoby_122:00/01/02/03/04/05/06/07/08/09/10/11/12/13/14/15/16/17/18
func_L00_002B0D30	UpdateMoby_149:00/01/02/03/04/05/06/07/08/09/10/11/12/13/14/15/16/17/18,UpdateMoby_348:00/01/02/03/04/05/06/07/08/09/10/11/12/13/14/15/16/17/18,UpdateMoby_349:00/01/02/03/04/05/06/07/08/09/10/11/12/13/14/15/16/17/18,UpdateMoby_354:00/01/02/03/04/05/06/07/08/09/10/11/12/13/14/15/16/17/18,UpdateMoby_355:00/01/02/03/04/05/06/07/08/09/10/11/12/13/14/15/16/17/18,UpdateMoby_356:00/01/02/03/04/05/06/07/08/09/10/11/12/13/14/15/16/17/18,UpdateMoby_357:00/01/02/03/04/05/06/07/08/09/10/11/12/13/14/15/16/17/18,UpdateMoby_358:00/01/02/03/04/05/06/07/08/09/10/11/12/13/14/15/16/17/18,UpdateMoby_359:00/01/02/03/04/05/06/07/08/09/10/11/12/13/14/15/16/17/18,UpdateMoby_363:01/02/03/04/05/06/07/08/09/10/11/12/13/14/15/16/17/18,UpdateMoby_364:01/02/03/04/05/06/07/08/09/10/11/12/13/14/15/16/17/18
func_L00_002B1688	UpdateMoby_153:00/01/02/03/04/05/06/07/08/09/10/11/12/13/14/15/16/17/18
func_L00_002B33E8	UpdateMoby_157:00/01/02/03/04/05/06/07/08/09/10/11/12/13/14/15/16/17/18
func_L00_002B4340	UpdateMoby_163:00/01/02/03/04/05/06/07/08/09/10/11/12/13/14/15/16/17/18
func_L00_002B4748	UpdateMoby_166:00/01/02/03/04/05/06/07/08/09/10/11/12/13/14/15/16/17/18
func_L00_002B5488	UpdateMoby_167:00/01/02/03/04/05/06/07/08/09/10/11/12/13/14/15/16/17/18
func_L00_002B5C98	UpdateMoby_168:00/01/02/03/04/05/06/07/08/09/10/11/12/13/14/15/16/17/18
func_L00_002B7430	UpdateMoby_172:00/01/02/03/04/05/06/07/08/09/10/11/12/13/14/15/16/17/18
func_L00_002B8208	UpdateMoby_175:00/01/02/03/04/05/06/07/08/09/10/11/12/13/14/15/16/17/18
func_L00_002B8AE8	UpdateMoby_176:00/01/02/03/04/05/06/07/08/09/10/11/12/13/14/15/16/17/18
func_L00_002B9AD8	UpdateMoby_177:00/01/02/03/04/05/06/07/08/09/10/11/12/13/14/15/16/17/18
func_L00_002BC708	UpdateMoby_179:00/01/02/03/04/05/06/07/08/09/10/11/12/13/14/15/16/17/18
func_L00_002BC860	UpdateMoby_180:00/01/02/03/04/05/06/07/08/09/10/11/12/13/14/15/16/17/18
func_L00_002BDAF0	UpdateMoby_185:00/01/02/03/04/05/06/07/08/09/10/11/12/13/14/15/16/17/18
func_L00_002C12B0	UpdateMoby_186:00/01/02/03/04/05/06/07/08/09/10/11/12/13/14/15/16/17/18
func_L00_002C2A20	UpdateMoby_188:00/01/02/03/04/05/06/07/08/09/10/11/12/13/14/15/16/17/18
func_L00_002C2DD8	UpdateMoby_190:00/01/02/03/04/05/06/07/08/09/10/11/12/13/14/15/16/17/18
func_L00_002C39D0	UpdateMoby_192:00/01/02/03/04/05/06/07/08/09/10/11/12/13/14/15/16/17/18
func_L00_002C5688	UpdateMoby_203:00/01/02/03/04/05/06/07/08/09/10/11/12/13/14/15/16/17/18,UpdateMoby_1900:00/01/02/03/04/05/06/07/08/09/10/11/12/13/14/15/16/17/18
func_L00_002C6720	UpdateMoby_204:00/01/02/03/04/05/06/07/08/09/10/11/12/13/14/15/16/17/18,UpdateMoby_213:00/01/02/03/04/05/06/07/08/09/10/11/12/13/14/15/16/17/18,UpdateMoby_214:00/01/02/03/04/05/06/07/08/09/10/11/12/13/14/15/16/17/18,UpdateMoby_222:00/01/02/03/04/05/06/07/08/09/10/11/12/13/14/15/16/17/18,UpdateMoby_223:00/01/02/03/04/05/06/07/08/09/10/11/12/13/14/15/16/17/18,UpdateMoby_225:00/01/02/03/04/05/06/07/08/09/10/11/12/13/14/15/16/17/18,UpdateMoby_226:00/01/02/03/04/05/06/07/08/09/10/11/12/13/14/15/16/17/18,UpdateMoby_1006:00/01/02/03/04/05/06/07/08/09/10/11/12/13/14/15/16/17/18,UpdateMoby_1438:00/01/02/03/04/05/06/07/08/09/10/11/12/13/14/15/16/17/18,UpdateMoby_1447:00/01/02/03/04/05/06/07/08/09/10/11/12/13/14/15/16/17/18,UpdateMoby_1449:00/01/02/03/04/05/06/07/08/09/10/11/12/13/14/15/16/17/18
func_L00_002C74B8	UpdateMoby_208:00/01/02/03/04/05/06/07/08/09/10/11/12/13/14/15/16/17/18
func_L00_002C83D0	UpdateMoby_209:00/01/02/03/04/05/06/07/08/09/10/11/12/13/14/15/16/17/18
func_L00_002C8DB8	UpdateMoby_229:00/01/02/03/04/05/06/07/08/09/10/11/12/13/14/15/16/17/18
func_L00_002C9DC8	UpdateMoby_230:00/01/02/03/04/05/06/07/08/09/10/11/12/13/14/15/16/17/18
func_L00_002CABC0	UpdateMoby_270:00/01/02/03/04/05/06/07/08/09/10/11/12/13/14/15/16/17/18
func_L00_002CC868	UpdateMoby_305:00/01/02/03/04/05/06/07/08/09/10/11/12/13/14/15/16/17/18
func_L00_002CD660	UpdateMoby_428:00/01/02/03/04/05/06/07/08/09/10/11/12/13/14/15/16/17/18
func_L00_002CDAB8	UpdateMoby_454:00/01/02/03/04/05/06/07/08/09/10/11/12/13/14/15/16/17/18
func_L00_002CE6A0	UpdateMoby_457:00/01/02/03/04/05/06/07/08/09/10/11/12/13/14/15/16/17/18
func_L00_002CF808	UpdateMoby_479:00/01/02/03/04/05/06/07/08/09/10/11/12/13/14/15/16/17/18
func_L00_002D06C8	UpdateMoby_500:00/01/02/03/04/05/06/07/08/09/10/11/12/13/14/15/16/17/18,UpdateMoby_501:00/01/02/03/04/05/06/07/08/09/10/11/12/13/14/15/16/17/18,UpdateMoby_502:01/05/06/07/09/10/11/12/14/15/16/18,UpdateMoby_505:01/02/03/04/05/06/07/08/09/10/11/12/13/14/15/16/17/18,UpdateMoby_511:00/01/02/03/04/05/06/07/08/09/10/11/12/13/14/15/16/17/18
func_L00_002D3330	UpdateMoby_530:00/01
func_L00_002D3B20	UpdateMoby_562:00/01/02/03/04/05/06/07/08/09/10/11/12/13/14/15/16/17/18
func_L00_002D4398	UpdateMoby_585:00/01/02/03/04/05/06/07/08/09/10/11/12/13/14/15/16/17/18
func_L00_002D4C80	UpdateMoby_607:00/01/02/03/04/05/06/07/08/09/10/11/12/13/14/15/16/17/18
func_L00_002D4EC0	UpdateMoby_639:00/01/02/03/04/05/06/07/08/09/10/11/12/13/14/15/16/17/18
func_L00_002D5AC0	UpdateMoby_749:00/18
func_L00_002D7298	UpdateMoby_750:00/01/03/04/05/06/07/08/10/12/13/14/15/17
func_L00_002D83D8	UpdateMoby_760:00/01/14
func_L00_002D93E8	UpdateMoby_775:00/01/02/03/04/05/06/07/08/09/10/11/12/13/14/15/16/17/18
func_L00_002D9438	UpdateMoby_804:00/01/02/03/04/05/06/07/08/09/10/11/12/13/14/15/16/17/18
func_L00_002D9EA0	UpdateMoby_806:00/01/02/03/04/05/06/07/08/09/10/11/12/13/14/15/16/17/18
func_L00_002DB278	UpdateMoby_834:00
func_L00_002DBC40	UpdateMoby_849:00/01/02/03/04/05/06/07/08/09/10/11/12/13/14/15/16/17/18
func_L00_002E09A8	UpdateMoby_1060:00/02/05/18
func_L00_002E0AE8	UpdateMoby_1138:00/01/02/03/04/05/06/07/08/09/10/11/12/13/14/15/16/17/18
func_L00_002E0BE0	UpdateMoby_1143:00/01/02/03/04/05/06/07/08/09/10/11/12/13/14/15/16/17/18
func_L00_002E0E50	UpdateMoby_1251:00/01/02/03/04/05/06/07/08/09/10/11/12/13/14/15/16/17/18
func_L00_002E1850	UpdateMoby_1290:00/01/02/03/04/05/06/07/08/09/10/11/12/13/14/15/16/17/18
func_L00_002E1E38	UpdateMoby_1413:00
func_L00_002E2038	UpdateMoby_1440:00
func_L00_002E32A0	UpdateMoby_1471:00
func_L00_002E4CB0	UpdateMoby_1545:00
func_L00_002E4F38	UpdateMoby_1564:00/07/10/18
func_L00_002E5158	UpdateMoby_492:08,UpdateMoby_724:01,UpdateMoby_725:01,UpdateMoby_766:02,UpdateMoby_767:02,UpdateMoby_1781:00,UpdateMoby_1782:00
func_L00_002E5238	UpdateMoby_1505:02,UpdateMoby_1506:02,UpdateMoby_1517:05/14,UpdateMoby_1518:05/14,UpdateMoby_1522:02/09,UpdateMoby_1525:02/09,UpdateMoby_1526:02/09/10,UpdateMoby_1528:02/09/10,UpdateMoby_1529:02/09/10,UpdateMoby_1533:10,UpdateMoby_1534:10,UpdateMoby_1537:10,UpdateMoby_1538:11,UpdateMoby_1539:11,UpdateMoby_1569:07,UpdateMoby_1570:07,UpdateMoby_1571:10,UpdateMoby_1572:10,UpdateMoby_1588:16/18,UpdateMoby_1589:16/18,UpdateMoby_1590:16/18,UpdateMoby_1591:03/07/15,UpdateMoby_1592:03/07/15,UpdateMoby_1593:03/07/15,UpdateMoby_1594:17,UpdateMoby_1595:17,UpdateMoby_1599:04,UpdateMoby_1601:04,UpdateMoby_1602:04,UpdateMoby_1603:04,UpdateMoby_1604:04,UpdateMoby_1605:04,UpdateMoby_1606:04,UpdateMoby_1607:04,UpdateMoby_1608:04,UpdateMoby_1609:04,UpdateMoby_1610:15,UpdateMoby_1611:15,UpdateMoby_1612:15,UpdateMoby_1613:04,UpdateMoby_1614:04,UpdateMoby_1615:04,UpdateMoby_1616:04,UpdateMoby_1617:04,UpdateMoby_1618:04,UpdateMoby_1619:04,UpdateMoby_1620:04,UpdateMoby_1621:16,UpdateMoby_1622:16,UpdateMoby_1623:16,UpdateMoby_1624:04,UpdateMoby_1652:07,UpdateMoby_1653:07,UpdateMoby_1654:07,UpdateMoby_1656:06,UpdateMoby_1657:06,UpdateMoby_1658:06,UpdateMoby_1659:06,UpdateMoby_1661:06,UpdateMoby_1662:06,UpdateMoby_1665:06,UpdateMoby_1666:06,UpdateMoby_1673:06,UpdateMoby_1674:06,UpdateMoby_1675:06,UpdateMoby_1676:06,UpdateMoby_1678:07,UpdateMoby_1679:07,UpdateMoby_1680:07,UpdateMoby_1688:07,UpdateMoby_1689:07,UpdateMoby_1690:07,UpdateMoby_1692:08/09,UpdateMoby_1693:08/09,UpdateMoby_1694:08/09,UpdateMoby_1695:06,UpdateMoby_1696:06,UpdateMoby_1697:06,UpdateMoby_1698:06,UpdateMoby_1699:06,UpdateMoby_1700:06,UpdateMoby_1701:06,UpdateMoby_1702:06/10,UpdateMoby_1703:06/10,UpdateMoby_1704:06/10,UpdateMoby_1705:03,UpdateMoby_1706:03,UpdateMoby_1707:03,UpdateMoby_1708:03,UpdateMoby_1709:03,UpdateMoby_1710:03,UpdateMoby_1711:03,UpdateMoby_1712:03,UpdateMoby_1713:03,UpdateMoby_1714:03,UpdateMoby_1715:03,UpdateMoby_1716:03,UpdateMoby_1717:03,UpdateMoby_1718:03,UpdateMoby_1719:03,UpdateMoby_1720:03,UpdateMoby_1721:03,UpdateMoby_1722:03,UpdateMoby_1724:03,UpdateMoby_1726:03,UpdateMoby_1727:03,UpdateMoby_1728:08,UpdateMoby_1729:08,UpdateMoby_1730:08,UpdateMoby_1731:08,UpdateMoby_1732:08,UpdateMoby_1733:03/08/09/13/14,UpdateMoby_1734:03/08/09/13/14,UpdateMoby_1735:03/08/09/13/14,UpdateMoby_1736:01,UpdateMoby_1737:01,UpdateMoby_1738:01,UpdateMoby_1739:04,UpdateMoby_1740:04,UpdateMoby_1741:04,UpdateMoby_1742:03/17,UpdateMoby_1743:03/17,UpdateMoby_1744:03,UpdateMoby_1745:03,UpdateMoby_1746:03,UpdateMoby_1747:01,UpdateMoby_1748:01,UpdateMoby_1749:01,UpdateMoby_1751:02,UpdateMoby_1752:02,UpdateMoby_1753:02,UpdateMoby_1754:05,UpdateMoby_1755:05,UpdateMoby_1756:05,UpdateMoby_1757:05,UpdateMoby_1759:05,UpdateMoby_1760:05,UpdateMoby_1761:01,UpdateMoby_1762:01,UpdateMoby_1763:01,UpdateMoby_1764:02,UpdateMoby_1765:02,UpdateMoby_1769:02,UpdateMoby_1770:01,UpdateMoby_1786:16,UpdateMoby_1787:16,UpdateMoby_1790:05/08/18,UpdateMoby_1791:05/08/18,UpdateMoby_1792:18,UpdateMoby_1793:18,UpdateMoby_1794:18,UpdateMoby_1796:18,UpdateMoby_1801:13,UpdateMoby_1802:13,UpdateMoby_1803:13,UpdateMoby_1804:13,UpdateMoby_1814:01,UpdateMoby_1815:01,UpdateMoby_1817:01,UpdateMoby_1821:02,UpdateMoby_1829:03,UpdateMoby_1830:03,UpdateMoby_1831:03,UpdateMoby_1832:03,UpdateMoby_1833:03,UpdateMoby_1836:04,UpdateMoby_1838:05,UpdateMoby_1846:08,UpdateMoby_1847:08,UpdateMoby_1851:09,UpdateMoby_1858:10,UpdateMoby_1861:11,UpdateMoby_1864:12,UpdateMoby_1867:15,UpdateMoby_1868:15,UpdateMoby_1869:15,UpdateMoby_1870:16,UpdateMoby_1875:17,UpdateMoby_1878:17,UpdateMoby_1909:10,UpdateMoby_1914:10,UpdateMoby_1915:10,UpdateMoby_1916:10,UpdateMoby_1917:03/17,UpdateMoby_1922:02,UpdateMoby_1924:11,UpdateMoby_1925:11,UpdateMoby_1926:11,UpdateMoby_1927:11,UpdateMoby_1933:00,UpdateMoby_1934:00,UpdateMoby_1935:00,UpdateMoby_1936:02/09,UpdateMoby_1939:04,UpdateMoby_1940:04,UpdateMoby_1941:04,UpdateMoby_1942:04,UpdateMoby_1944:04,UpdateMoby_1945:04,UpdateMoby_1946:04,UpdateMoby_1961:15,UpdateMoby_1962:15,UpdateMoby_1963:00
func_L00_002E8210	ActivateCamera_0:00/01/02/03/04/05/06/07/08/09/10/11/12/13/14/15/16/17/18
func_L00_002EB0D8	UpdateCamera_0:00/01/02/03/04/05/06/07/08/09/10/11/12/13/14/15/16/17/18
func_L00_002EB3E8	UpdateCamera_4:00/01/02/03/04/05/06/07/08/09/10/11/12/13/14/15/16/17/18
func_L00_002EB938	InitCamera_4:00/01/02/03/04/05/06/07/08/09/10/11/12/13/14/15/16/17/18
func_L00_002EBC50	ActivateCamera_4:00/01/02/03/04/05/06/07/08/09/10/11/12/13/14/15/16/17/18
func_L00_002EBCC0	ExitCamera_4:00/01/02/03/04/05/06/07/08/09/10/11/12/13/14/15/16/17/18
func_L00_002EC210	ActivateCamera_5:00/01/02/03/04/05/06/07/08/09/10/11/12/13/14/15/16/17/18
func_L00_002EC6C8	UpdateCamera_5:00/01/02/03/04/05/06/07/08/09/10/11/12/13/14/15/16/17/18
func_L00_002ECFB0	ActivateCamera_6:00/01/02/03/04/05/06/07/08/09/10/11/12/13/14/15/16/17/18
func_L00_002ED088	ActivateCamera_7:00/01/02/03/04/05/06/07/08/09/10/11/12/13/14/15/16/17/18
func_L00_002EDB70	UpdateCamera_7:00/01/02/03/04/05/06/07/08/09/10/11/12/13/14/15/16/17/18
func_L00_002EDC60	ExitCamera_7:00/01/02/03/04/05/06/07/08/09/10/11/12/13/14/15/16/17/18
func_L00_002EE6E0	InitCamera_17:00/01/02/03/04/05/06/09/10/11/12/14/15/17
func_L00_002EED60	InitCamera_23:00/04/06/07/08/09/10/13/15/16/18
func_L00_002EEE00	SoundFunc_0:00/01/02/03/05/08/09/10/11/12/13/14/18
func_L00_002EEF88	SoundFunc_2:00/01/02/05/18
func_L01_002BB068	UpdateMoby_726:01/03/13,UpdateMoby_1141:10
func_L01_002BE2C8	UpdateMoby_27:01
func_L01_002C8740	UpdateMoby_156:01/06/08/09/15/17
func_L01_002E1FE0	UpdateMoby_280:01/04/08
func_L01_002E2E38	UpdateMoby_304:01/13,UpdateMoby_1456:01/13,UpdateMoby_1457:01/13,UpdateMoby_1458:01/13,UpdateMoby_1459:01/13,UpdateMoby_1460:01/13,UpdateMoby_1461:01/13,UpdateMoby_1462:01/13,UpdateMoby_1463:01/13,UpdateMoby_1464:01/13,UpdateMoby_1465:01/13
func_L01_002E5298	UpdateMoby_437:01/02/04
func_L01_002E7FC8	UpdateMoby_459:01
func_L01_002EEDD8	UpdateMoby_567:01/08/09/15/17
func_L01_002EF078	UpdateMoby_572:01/05/11,UpdateMoby_865:01/05/11,UpdateMoby_866:01/05/11
func_L01_002F1038	UpdateMoby_577:01
func_L01_002F3F40	UpdateMoby_604:01/02/03/04/05/06/08/11/12/14
func_L01_002F4290	UpdateMoby_605:01/02/03/04/05/06/07/08/09/10/11/12/13/14/15/16/17/18
func_L01_002F44F8	UpdateMoby_613:01
func_L01_002F5720	UpdateMoby_641:01
func_L01_002F5800	UpdateMoby_660:01
func_L01_002F5AE8	UpdateMoby_665:01
func_L01_002F5D38	UpdateMoby_666:01
func_L01_002F6540	UpdateMoby_845:03
func_L01_002F7558	UpdateMoby_678:01
func_L01_002F7700	UpdateMoby_679:01/05/08/15
func_L01_002F7E08	UpdateMoby_686:01/14
func_L01_002F8B00	UpdateMoby_688:01
func_L01_002F9640	UpdateMoby_695:01
func_L01_002F9AF0	UpdateMoby_200:15,UpdateMoby_201:15,UpdateMoby_205:15,UpdateMoby_206:15,UpdateMoby_207:15,UpdateMoby_210:15,UpdateMoby_696:01/02/07/18,UpdateMoby_697:01/02/07,UpdateMoby_698:01/02/07,UpdateMoby_1806:10,UpdateMoby_1807:10
func_L01_002FA030	UpdateMoby_700:01
func_L01_002FA458	UpdateMoby_701:01
func_L01_002FA998	UpdateMoby_703:01,UpdateMoby_715:01
func_L01_002FABE8	UpdateMoby_704:01
func_L01_002FAFC8	UpdateMoby_705:01
func_L01_002FB158	UpdateMoby_709:01,UpdateMoby_710:01,UpdateMoby_711:01
func_L01_002FB898	UpdateMoby_722:01
func_L01_002FBBD8	UpdateMoby_729:01
func_L01_002FC140	UpdateMoby_730:01,UpdateMoby_731:01,UpdateMoby_790:01
func_L01_002FC988	UpdateMoby_737:01/02/03/07/10/13
func_L01_002FCC80	UpdateMoby_746:01
func_L01_002FE4C0	UpdateMoby_751:01
func_L01_002FED78	UpdateMoby_754:01
func_L01_002FFF30	UpdateMoby_761:01
func_L01_00300140	UpdateMoby_768:01,UpdateMoby_769:01
func_L01_003004F0	UpdateMoby_774:01/08
func_L01_00300C38	UpdateMoby_778:01
func_L01_00300F00	UpdateMoby_779:01
func_L01_00301198	UpdateMoby_787:01
func_L01_003015F8	UpdateMoby_805:01/02/03/04/05/06/07/08/09/10/11/12/13/14/15/16/17/18
func_L01_00303590	UpdateMoby_815:01
func_L01_00303A20	UpdateMoby_832:01/02/03/04/05/06/07/08/09/10/11/12/13/14/15/18
func_L01_00309020	UpdateMoby_1042:01
func_L01_00309078	UpdateMoby_1134:01/02/03/04/05/06/07/08/09/10/11/12/13/14/15/16/17/18
func_L01_00309FB0	UpdateMoby_1135:01/07/08/12/13/16/17/18
func_L01_0030B070	UpdateMoby_1225:01
func_L01_0030C090	UpdateMoby_1341:01
func_L01_0030C9F0	UpdateMoby_1504:01/06
func_L01_0030CDF0	UpdateMoby_1510:01
func_L01_0030D568	UpdateMoby_1546:01
func_L01_0030DD80	UpdateMoby_1633:01/02/03/04/05/06/08/11/12/14
func_L01_0030E4C8	UpdateMoby_1813:01
func_L01_0030F318	UpdateMoby_1818:01/02/03/04/05/06/08/11/12/14
func_L01_003105E0	UpdateMoby_1848:01
func_L01_00316730	UpdateCamera_3:01/05/08/16/17
func_L01_003171B8	ActivateCamera_3:01/05/08/16/17
func_L01_00317408	ExitCamera_3:01/05/08/16/17
func_L01_0031AD00	SoundFunc_1:01/05/08/09/11/12/13/14/16
func_L01_0031B2F0	SoundFunc_3:01/02/03/05/07/08/09/10/12/14/15/16/18
func_L01_0031B450	SoundFunc_5:01/05/11/12/15/17/18
func_L01_0031B500	SoundFunc_6:01/02/03/04/05/07/08/12/14/16/18
func_L02_002CCD18	UpdateMoby_331:02/08/18
func_L02_002D5250	UpdateMoby_580:02
func_L02_002D8B80	UpdateMoby_612:02
func_L02_002D9F08	UpdateMoby_615:02/04/06/08/11/13/18
func_L02_002DD170	UpdateMoby_651:02
func_L02_002DDAE8	UpdateMoby_296:12,UpdateMoby_652:02,UpdateMoby_653:02
func_L02_002DDE48	UpdateMoby_656:02
func_L02_002DDF70	UpdateMoby_668:02
func_L02_002DE7A8	UpdateMoby_675:02
func_L02_002DF038	UpdateMoby_707:02,UpdateMoby_734:02
func_L02_002DF0C0	UpdateMoby_713:02
func_L02_002E05E0	UpdateMoby_732:02
func_L02_002E0810	UpdateMoby_733:02
func_L02_002E0D80	UpdateMoby_735:02,UpdateMoby_736:02
func_L02_002E1400	UpdateMoby_743:02
func_L02_002E1570	UpdateMoby_744:02
func_L02_002E16B8	UpdateMoby_755:02
func_L02_002E1888	UpdateMoby_758:02/03/04/05/07/10/11/12/13/14/15/16/17/18,UpdateMoby_803:02/03/04/05/06/07/09/10/11/13/14/15/16/18
func_L02_002E1B58	UpdateMoby_762:02
func_L02_002E21F8	UpdateMoby_786:02
func_L02_002E2D88	UpdateMoby_788:02
func_L02_002E3660	UpdateMoby_792:02
func_L02_002EB5D0	UpdateMoby_854:02
func_L02_002EB648	UpdateMoby_1005:02,UpdateMoby_1016:06
func_L02_002ED358	UpdateMoby_1208:02
func_L02_002ED8F0	UpdateMoby_1212:02/09
func_L02_002EE250	UpdateMoby_1213:02/09,UpdateMoby_1973:10
func_L02_002EFCC8	UpdateMoby_1324:02
func_L02_002F0458	UpdateMoby_1479:02
func_L02_002F3398	UpdateMoby_1819:02,UpdateMoby_1827:03,UpdateMoby_1834:04,UpdateMoby_1844:08,UpdateMoby_1849:09,UpdateMoby_1859:11,UpdateMoby_1862:12
func_L02_002FD6D0	InitCamera_18:02/03/06/07/08/12/18
func_L03_00294040	UpdateMoby_822:03
func_L03_00295DB0	UpdateMoby_868:03,UpdateMoby_905:03,UpdateMoby_928:03
func_L03_002965A0	UpdateMoby_1210:03
func_L03_0029ED60	UpdateMoby_75:03,UpdateMoby_115:03,UpdateMoby_116:03,UpdateMoby_117:03,UpdateMoby_118:03,UpdateMoby_119:03,UpdateMoby_120:03,UpdateMoby_132:03,UpdateMoby_795:03
func_L03_002BC140	UpdateMoby_235:03/16
func_L03_002C0330	UpdateMoby_455:03/08/14
func_L03_002C5AE0	UpdateMoby_545:03/08/14
func_L03_002C6F80	UpdateMoby_573:03
func_L03_002C8398	UpdateMoby_574:03
func_L03_002CB280	UpdateMoby_578:03
func_L03_002CD270	UpdateMoby_627:03
func_L03_002CDDC8	UpdateMoby_631:03/07
func_L03_002D4560	UpdateMoby_816:03
func_L03_002D50A0	UpdateMoby_817:03,UpdateMoby_1686:07
func_L03_002D5220	UpdateMoby_825:03
func_L03_002D5790	UpdateMoby_833:03
func_L03_002D5B88	UpdateMoby_848:03/07/15
func_L03_002DBC38	UpdateMoby_890:03
func_L03_002DC3E8	UpdateMoby_898:03
func_L03_002DC648	UpdateMoby_899:03
func_L03_002DC920	UpdateMoby_909:03
func_L03_002DD158	UpdateMoby_914:03
func_L03_002DD6D8	UpdateMoby_915:03/10,UpdateMoby_916:03,UpdateMoby_917:03
func_L03_002DD840	UpdateMoby_447:07/13,UpdateMoby_920:03/05/07/17
func_L03_002DDD78	UpdateMoby_994:03,UpdateMoby_1260:14
func_L03_002DDDF8	UpdateMoby_353:10,UpdateMoby_997:03
func_L03_002DE088	UpdateMoby_1012:03
func_L03_002DF738	UpdateMoby_1221:03/07/12/15,UpdateMoby_1222:03/07/12/15
func_L03_002E08E8	UpdateMoby_1342:03
func_L03_002E1598	UpdateMoby_1548:03
func_L03_002E9C38	InitCamera_1:03/04
func_L03_002E9D48	ExitCamera_1:03/04
func_L03_002ECD40	ActivateCamera_14:03
func_L03_002ED138	InitCamera_14:03
func_L03_002ED178	UpdateCamera_14:03
func_L03_002ED1B0	ExitCamera_14:03
func_L04_0029FEC8	UpdateMoby_86:04
func_L04_002A6C20	UpdateMoby_161:04
func_L04_002B0290	UpdateMoby_184:04/12
func_L04_002BB7B0	UpdateMoby_217:04
func_L04_002C35F0	UpdateMoby_340:04
func_L04_002C5BD0	UpdateMoby_427:04
func_L04_002C7BD8	UpdateMoby_432:04,UpdateMoby_1052:04
func_L04_002C7F38	UpdateMoby_434:04
func_L04_002CB800	UpdateMoby_466:04,UpdateMoby_480:04,UpdateMoby_485:04,UpdateMoby_486:04,UpdateMoby_488:04,UpdateMoby_490:04,UpdateMoby_493:04,UpdateMoby_494:04,UpdateMoby_495:04,UpdateMoby_498:04,UpdateMoby_555:04
func_L04_002CF180	UpdateMoby_481:04
func_L04_002CF440	UpdateMoby_484:04
func_L04_002D2A98	UpdateMoby_563:04
func_L04_002D4960	UpdateMoby_584:04
func_L04_002D8348	UpdateMoby_617:04
func_L04_002D9270	UpdateMoby_642:04
func_L04_002E2BB8	UpdateMoby_1101:04,UpdateMoby_1102:04,UpdateMoby_1531:04,UpdateMoby_1532:04
func_L04_002E2DF0	UpdateMoby_1120:04
func_L04_002E4458	UpdateMoby_1190:04
func_L04_002E57F8	UpdateMoby_1343:04
func_L04_002E6558	UpdateMoby_1516:04
func_L04_002E6780	UpdateMoby_1549:04
func_L05_002D28D0	UpdateMoby_35:05
func_L05_002D8388	UpdateMoby_79:05
func_L05_002DBF10	UpdateMoby_133:05
func_L05_002F6588	UpdateMoby_258:05/07/09/10/12/13/14/15/17
func_L05_002F9478	UpdateMoby_341:05/07/11/12/18
func_L05_002F9BA0	UpdateMoby_439:05/16
func_L05_003033A0	UpdateMoby_623:05
func_L05_00305778	UpdateMoby_625:05
func_L05_00308D68	UpdateMoby_717:05
func_L05_0030D230	UpdateMoby_810:05
func_L05_0030D3F0	UpdateMoby_812:05
func_L05_0030D500	UpdateMoby_823:05/07
func_L05_0030DA08	UpdateMoby_830:05/11/15/17/18
func_L05_0030DED8	UpdateMoby_831:05
func_L05_0030F130	UpdateMoby_838:05
func_L05_0030F6C0	UpdateMoby_841:05
func_L05_0030F9D0	UpdateMoby_843:05
func_L05_0030FCC0	UpdateMoby_844:05
func_L05_00310A90	UpdateMoby_846:05
func_L05_00316378	UpdateMoby_852:05,UpdateMoby_853:05
func_L05_003165B8	UpdateMoby_855:05
func_L05_00316B98	UpdateMoby_877:05
func_L05_003175D8	UpdateMoby_879:05
func_L05_00317720	UpdateMoby_893:05
func_L05_00317B68	UpdateMoby_895:05
func_L05_00317F80	UpdateMoby_918:05
func_L05_00318980	UpdateMoby_919:05
func_L05_003195B0	UpdateMoby_925:05
func_L05_00319C08	UpdateMoby_344:08,UpdateMoby_547:08,UpdateMoby_548:08,UpdateMoby_549:08,UpdateMoby_550:08,UpdateMoby_551:08,UpdateMoby_588:08,UpdateMoby_589:08,UpdateMoby_590:08,UpdateMoby_591:08,UpdateMoby_592:08,UpdateMoby_593:08,UpdateMoby_594:08,UpdateMoby_595:08,UpdateMoby_596:08,UpdateMoby_597:08,UpdateMoby_598:08,UpdateMoby_782:08,UpdateMoby_783:08,UpdateMoby_784:08,UpdateMoby_785:08,UpdateMoby_980:05,UpdateMoby_981:05
func_L05_00319F78	UpdateMoby_982:05
func_L05_0031A0A8	UpdateMoby_984:05
func_L05_0031A188	UpdateMoby_998:05
func_L05_0031B138	UpdateMoby_1099:05
func_L05_0031C0F0	UpdateMoby_1139:05/16
func_L05_0031D450	UpdateMoby_1347:05
func_L05_0031DDF0	UpdateMoby_1511:05/14
func_L05_0031EAD8	UpdateMoby_1550:05
func_L05_0032BBF0	ActivateCamera_8:05/16
func_L06_002B5990	UpdateMoby_55:06
func_L06_002D9970	UpdateMoby_302:06/10
func_L06_002D9FF0	UpdateMoby_303:06/10
func_L06_002DB0E0	UpdateMoby_367:06
func_L06_002E9AA8	UpdateMoby_827:06/10
func_L06_002F1470	UpdateMoby_857:06/10
func_L06_002F4F08	UpdateMoby_911:06
func_L06_002F6330	UpdateMoby_1021:06/17/18
func_L06_002F69D0	UpdateMoby_1028:06
func_L06_002F78A0	UpdateMoby_1035:06
func_L06_002F86B8	UpdateMoby_1038:06/10/17
func_L06_002F8D60	UpdateMoby_1039:06/08/13/18
func_L06_002F8EE8	UpdateMoby_1040:06/10/17
func_L06_002F91A8	UpdateMoby_1048:06
func_L06_002FAE58	UpdateMoby_1051:06
func_L06_002FD3E0	UpdateMoby_1054:06
func_L06_002FDA70	UpdateMoby_1061:06
func_L06_002FE4B8	UpdateMoby_1062:06
func_L06_002FEE60	UpdateMoby_1066:06
func_L06_002FF000	UpdateMoby_1068:06/10
func_L06_003010E0	UpdateMoby_1083:06
func_L06_00301FE8	UpdateMoby_1085:06/10/13,UpdateMoby_1086:06/10,UpdateMoby_1087:06/10,UpdateMoby_1088:06/10,UpdateMoby_1089:06/10
func_L06_00302248	UpdateMoby_1091:06,UpdateMoby_1092:06,UpdateMoby_1093:06,UpdateMoby_1094:06,UpdateMoby_1095:06,UpdateMoby_1096:06,UpdateMoby_1097:06,UpdateMoby_1098:06,UpdateMoby_1103:06
func_L06_003024C8	UpdateMoby_1105:06
func_L06_00302FE8	UpdateMoby_1108:06
func_L06_003039B8	UpdateMoby_1109:06
func_L06_003054D8	UpdateMoby_1118:06
func_L06_00305E38	UpdateMoby_1123:06
func_L06_00309170	UpdateMoby_1302:06/10
func_L06_003097F0	UpdateMoby_1348:06
func_L06_0030A0A8	UpdateMoby_1512:06
func_L06_0030A788	UpdateMoby_1551:06
func_L06_0030ACA0	UpdateMoby_1650:07,UpdateMoby_1655:06,UpdateMoby_1663:07,UpdateMoby_1677:07
func_L06_0030B248	UpdateMoby_1660:06,UpdateMoby_1664:06
func_L06_0030D2A0	UpdateMoby_1898:06/18
func_L07_002CE470	UpdateMoby_38:07
func_L07_002CECE8	UpdateMoby_1474:07
func_L07_002F6F20	UpdateMoby_436:07
func_L07_002F9438	UpdateMoby_317:09,UpdateMoby_460:07
func_L07_002FD198	UpdateMoby_529:07
func_L07_0030C3E0	UpdateMoby_871:07
func_L07_0030CA88	UpdateMoby_880:07
func_L07_0030CFA8	UpdateMoby_882:07
func_L07_0030D370	UpdateMoby_886:07/12
func_L07_0030D8E8	UpdateMoby_902:07,UpdateMoby_941:07,UpdateMoby_943:07,UpdateMoby_944:07,UpdateMoby_948:07,UpdateMoby_949:07,UpdateMoby_950:07,UpdateMoby_951:07,UpdateMoby_952:07,UpdateMoby_953:07,UpdateMoby_954:07,UpdateMoby_955:07,UpdateMoby_958:07,UpdateMoby_961:07,UpdateMoby_962:07,UpdateMoby_967:07,UpdateMoby_968:07,UpdateMoby_969:07,UpdateMoby_970:07,UpdateMoby_971:07
func_L07_0030E370	UpdateMoby_1013:07,UpdateMoby_1014:07,UpdateMoby_1064:07,UpdateMoby_1065:07
func_L07_0030E820	UpdateMoby_1018:07
func_L07_0030E8B8	UpdateMoby_1041:07
func_L07_0030F5D8	UpdateMoby_1046:07
func_L07_0030F838	UpdateMoby_1049:07
func_L07_003109D0	UpdateMoby_1059:07
func_L07_003121D0	UpdateMoby_129:13,UpdateMoby_130:13,UpdateMoby_182:13,UpdateMoby_183:13,UpdateMoby_360:13,UpdateMoby_1063:07,UpdateMoby_1078:07,UpdateMoby_1079:07,UpdateMoby_1131:07
func_L07_003126A8	UpdateMoby_1069:07
func_L07_00312FA8	UpdateMoby_1080:07
func_L07_00315528	UpdateMoby_1106:07
func_L07_0031A410	UpdateMoby_1110:07
func_L07_0031AAB0	UpdateMoby_1112:07
func_L07_0031B318	UpdateMoby_1113:07,UpdateMoby_1114:07,UpdateMoby_1115:07,UpdateMoby_1116:07
func_L07_0031B620	UpdateMoby_1126:07
func_L07_0031BDB8	UpdateMoby_1128:07
func_L07_0031C2B0	UpdateMoby_104:13,UpdateMoby_106:13,UpdateMoby_1129:07
func_L07_0031C7C0	UpdateMoby_1133:07
func_L07_0031E6B0	UpdateMoby_1142:07
func_L07_0031FF78	UpdateMoby_1552:07
func_L07_00320CD0	UpdateMoby_1789:07
func_L08_002B94B0	UpdateMoby_152:08
func_L08_002D36F8	UpdateMoby_248:08
func_L08_002D3DF8	UpdateMoby_252:08/14
func_L08_002D55E0	UpdateMoby_253:08
func_L08_002DB468	UpdateMoby_327:08
func_L08_002DBF68	UpdateMoby_333:08
func_L08_002DD128	UpdateMoby_424:08
func_L08_002DDD20	UpdateMoby_425:08
func_L08_002DE738	UpdateMoby_435:08
func_L08_002DFBC0	UpdateMoby_438:08
func_L08_002E16A0	UpdateMoby_440:08
func_L08_002E2A38	UpdateMoby_441:08,UpdateMoby_442:08,UpdateMoby_443:08,UpdateMoby_445:08,UpdateMoby_448:08,UpdateMoby_449:08,UpdateMoby_450:08,UpdateMoby_451:08,UpdateMoby_464:08,UpdateMoby_465:08
func_L08_002E3860	UpdateMoby_444:08
func_L08_002E4168	UpdateMoby_452:08
func_L08_002E95E8	UpdateMoby_458:08/12
func_L08_002EA0A8	UpdateMoby_462:08
func_L08_002EAF48	UpdateMoby_463:08
func_L08_002EB770	UpdateMoby_467:08,UpdateMoby_472:08
func_L08_002EB980	UpdateMoby_468:08,UpdateMoby_469:08
func_L08_002F2A08	UpdateMoby_600:08
func_L08_002F5980	UpdateMoby_621:08
func_L08_002F6CF0	UpdateMoby_648:08/10
func_L08_002F8560	UpdateMoby_671:08
func_L08_00302618	UpdateMoby_1023:08/09
func_L08_003041A8	UpdateMoby_1130:08
func_L08_00306730	UpdateMoby_1144:08
func_L08_00307A98	UpdateMoby_1283:08
func_L08_00308758	UpdateMoby_1292:08/09
func_L08_00308A00	UpdateMoby_1349:08
func_L08_003091B0	UpdateMoby_1400:08/12/14
func_L08_00309998	UpdateMoby_1553:08
func_L08_00309AB0	UpdateMoby_1629:08/14
func_L08_0030A150	UpdateMoby_1641:08
func_L08_0030AC70	UpdateMoby_1649:08
func_L08_00318468	SoundFunc_4:08/14
func_L09_002C3858	UpdateMoby_1182:09,UpdateMoby_1183:09,UpdateMoby_1184:09,UpdateMoby_1185:09,UpdateMoby_1186:09,UpdateMoby_1187:09,UpdateMoby_1188:09,UpdateMoby_1189:09
func_L09_002C6B30	UpdateMoby_52:09/16
func_L09_002E39E0	UpdateMoby_193:09/15
func_L09_002ECC50	UpdateMoby_263:09,UpdateMoby_264:09,UpdateMoby_265:09,UpdateMoby_266:09,UpdateMoby_267:09
func_L09_002EEF80	UpdateMoby_276:09,UpdateMoby_1298:09,UpdateMoby_1299:09
func_L09_002EF460	UpdateMoby_279:09
func_L09_002F0780	UpdateMoby_313:09
func_L09_002F0D00	UpdateMoby_320:09,UpdateMoby_321:09
func_L09_002F1390	UpdateMoby_417:09
func_L09_002F9A50	UpdateMoby_664:09
func_L09_00301C38	UpdateMoby_1000:09
func_L09_00304750	UpdateMoby_1150:09,UpdateMoby_1151:09
func_L09_003050C0	UpdateMoby_1172:09
func_L09_00305710	UpdateMoby_1181:09
func_L09_00306030	UpdateMoby_1201:09
func_L09_00306DD8	UpdateMoby_1206:09
func_L09_00309118	UpdateMoby_1258:09/10
func_L09_00309688	UpdateMoby_1285:09,UpdateMoby_1286:09,UpdateMoby_1287:09,UpdateMoby_1288:09
func_L09_0030A560	UpdateMoby_1293:09,UpdateMoby_1320:09
func_L09_0030AFB8	UpdateMoby_1766:09
func_L09_0030BF88	UpdateMoby_1885:09/13
func_L09_0030C7F0	UpdateMoby_1886:09/13
func_L10_00296BD8	UpdateMoby_1033:10
func_L10_00296DC0	UpdateMoby_1117:10
func_L10_00299818	UpdateMoby_18:10
func_L10_00299D18	UpdateMoby_22:10
func_L10_002BFBB8	UpdateMoby_351:10,UpdateMoby_1301:10
func_L10_002C8DE0	UpdateMoby_702:10
func_L10_002CB030	UpdateMoby_794:10
func_L10_002CD6A8	UpdateMoby_819:10/11/15/17
func_L10_002D8F40	UpdateMoby_859:10
func_L10_002D9988	UpdateMoby_938:10
func_L10_002D9FC0	UpdateMoby_939:10
func_L10_002DA0F0	UpdateMoby_947:10
func_L10_002DA468	UpdateMoby_1015:10,UpdateMoby_1282:10
func_L10_002DA678	UpdateMoby_1031:10
func_L10_002DB278	UpdateMoby_1047:10
func_L10_002DB688	UpdateMoby_1067:10
func_L10_002DE018	UpdateMoby_1073:10
func_L10_002DE798	UpdateMoby_1090:10
func_L10_002DEA10	UpdateMoby_1100:10
func_L10_002E0630	UpdateMoby_1196:10
func_L10_002E1568	UpdateMoby_1199:10
func_L10_002E30F8	UpdateMoby_1202:10
func_L10_002E5E48	UpdateMoby_1229:10
func_L10_002E6FA0	UpdateMoby_1240:10
func_L10_002E9718	UpdateMoby_1326:10
func_L10_002E9978	UpdateMoby_1344:10
func_L10_002E9E70	UpdateMoby_1346:10
func_L10_002EA3E8	UpdateMoby_1378:10/17
func_L10_002EAA08	UpdateMoby_1421:10
func_L10_002EAD50	UpdateMoby_1424:10
func_L10_002EB5B0	UpdateMoby_1544:10
func_L10_002EC098	UpdateMoby_1555:10
func_L10_002ECAB0	UpdateMoby_1855:10
func_L10_002ECBA0	UpdateMoby_1856:10
func_L10_002F6F18	ActivateCamera_19:10/13/14/15
func_L10_002F72D8	UpdateCamera_19:10/13/14/15
func_L10_002F79B8	InitCamera_19:10/13/14/15
func_L11_002CC828	UpdateMoby_23:11
func_L11_002CC950	UpdateMoby_37:11/12
func_L11_002CC9D0	UpdateMoby_65:11
func_L11_002D18D0	UpdateMoby_90:11
func_L11_002D2168	UpdateMoby_114:11
func_L11_002F21B0	UpdateMoby_298:11
func_L11_002F3888	UpdateMoby_318:11
func_L11_002F46C0	UpdateMoby_361:11
func_L11_00309DA0	UpdateMoby_1009:11/13/17
func_L11_0030A468	UpdateMoby_1017:11/13/17
func_L11_0030A8C8	UpdateMoby_1034:11/13/17
func_L11_0030AE90	UpdateMoby_1075:11
func_L11_0030C728	UpdateMoby_1111:11/16
func_L11_0030DBF8	UpdateMoby_1156:11
func_L11_0030EC70	UpdateMoby_1157:11
func_L11_0030F4F8	UpdateMoby_1158:11
func_L11_0030FE40	UpdateMoby_1159:11
func_L11_00310058	UpdateMoby_1178:11
func_L11_003102C8	UpdateMoby_1179:11/15
func_L11_00310770	UpdateMoby_1180:11
func_L11_00310BF0	UpdateMoby_1218:11,UpdateMoby_1220:11
func_L11_003114F0	UpdateMoby_1219:11
func_L11_00311648	UpdateMoby_1231:11
func_L11_003146E0	UpdateMoby_1242:11
func_L11_00315788	UpdateMoby_1246:11
func_L11_00317790	UpdateMoby_1248:11
func_L11_00318730	UpdateMoby_1264:11
func_L11_00319660	UpdateMoby_1265:11
func_L11_00319FA0	UpdateMoby_1297:11
func_L11_0031ACA8	UpdateMoby_1319:11
func_L11_0031BEF0	UpdateMoby_1350:11
func_L11_0031BF78	UpdateMoby_1524:11
func_L11_0031F760	UpdateMoby_1903:11
func_L11_003205C0	UpdateMoby_1919:11
func_L12_002C0310	UpdateMoby_19:12
func_L12_002E2EF0	UpdateMoby_238:12
func_L12_002E51E8	UpdateMoby_240:12
func_L12_002E7FC8	UpdateMoby_282:12
func_L12_002E8588	UpdateMoby_293:12
func_L12_002E8640	UpdateMoby_294:12
func_L12_002EB2E8	UpdateMoby_326:12
func_L12_002EC8F0	UpdateMoby_328:12
func_L12_002ED228	UpdateMoby_336:12
func_L12_002ED550	UpdateMoby_339:12
func_L12_002EDAA0	UpdateMoby_384:12
func_L12_002EE180	UpdateMoby_409:12
func_L12_002EE600	UpdateMoby_422:12
func_L12_00304310	UpdateMoby_1259:12
func_L12_00304920	UpdateMoby_1267:12
func_L12_003061E0	UpdateMoby_1269:12
func_L12_00307DB0	UpdateMoby_1274:12
func_L12_00308C20	UpdateMoby_1281:12
func_L12_00309590	UpdateMoby_1345:12
func_L12_00309CF8	UpdateMoby_1371:12/15
func_L12_0030A7A8	UpdateMoby_1404:12
func_L12_0030A880	UpdateMoby_1557:12
func_L12_0030D3D0	UpdateMoby_1901:12
func_L13_002B2020	UpdateMoby_6:13
func_L13_002B4B90	UpdateMoby_21:13,UpdateMoby_244:13
func_L13_002B5368	UpdateMoby_29:13
func_L13_002B5E30	UpdateMoby_36:13
func_L13_002B6288	UpdateMoby_63:13
func_L13_002BC2D8	UpdateMoby_69:13
func_L13_002C27B0	UpdateMoby_82:13
func_L13_002C32D0	UpdateMoby_83:13
func_L13_002C3840	UpdateMoby_101:13
func_L13_002C56B0	UpdateMoby_111:13
func_L13_002C9208	UpdateMoby_127:13,UpdateMoby_128:13,UpdateMoby_159:13,UpdateMoby_169:13
func_L13_002D0298	UpdateMoby_170:13
func_L13_002E2980	UpdateMoby_212:13,UpdateMoby_1412:13
func_L13_002E3010	UpdateMoby_224:13/17,UpdateMoby_228:13/17
func_L13_002E5810	UpdateMoby_231:13
func_L13_002E8040	UpdateMoby_295:13/17
func_L13_002E9910	UpdateMoby_352:13
func_L13_002EC4D0	UpdateMoby_388:13
func_L13_002EE238	UpdateMoby_389:13,UpdateMoby_390:13,UpdateMoby_391:13,UpdateMoby_392:13,UpdateMoby_393:13,UpdateMoby_394:13,UpdateMoby_395:13,UpdateMoby_396:13,UpdateMoby_399:13,UpdateMoby_400:13,UpdateMoby_401:13
func_L13_002EE8E0	UpdateMoby_404:13,UpdateMoby_405:13
func_L13_002F4BE8	UpdateMoby_533:13
func_L13_002F4C10	UpdateMoby_558:13
func_L13_002F9D18	UpdateMoby_667:13
func_L13_002F9F10	UpdateMoby_674:13,UpdateMoby_677:13,UpdateMoby_680:13
func_L13_00306EF0	UpdateMoby_1233:13
func_L13_00307798	UpdateMoby_1238:13
func_L13_00308FA8	UpdateMoby_1261:13
func_L13_00309330	UpdateMoby_1262:13
func_L13_0030B340	UpdateMoby_1263:13,UpdateMoby_1393:13
func_L13_0030BB90	UpdateMoby_1270:13
func_L13_0030C408	UpdateMoby_1271:13
func_L13_0030CAE0	UpdateMoby_1353:13
func_L13_0030D028	UpdateMoby_1403:13
func_L13_0030D2A8	UpdateMoby_1558:13
func_L13_0030D318	UpdateMoby_1577:13
func_L13_0030D528	UpdateMoby_1632:13
func_L13_0030D880	UpdateMoby_1634:13
func_L13_0030E280	UpdateMoby_1805:13
func_L14_002ACCC0	UpdateMoby_903:14
func_L14_002AD858	UpdateMoby_8:14
func_L14_002B2A28	UpdateMoby_28:14/15
func_L14_002B4E40	UpdateMoby_30:14
func_L14_002B5938	UpdateMoby_31:14
func_L14_002BBEC8	UpdateMoby_81:14
func_L14_002D7250	UpdateMoby_211:14
func_L14_002DAA70	UpdateMoby_250:14/15
func_L14_002DF5F8	UpdateMoby_309:14
func_L14_002DFA70	UpdateMoby_325:14/15
func_L14_002E0228	UpdateMoby_386:14
func_L14_002E1110	UpdateMoby_403:14/15
func_L14_002E9038	UpdateMoby_557:14
func_L14_002EC3E8	UpdateMoby_610:14
func_L14_002EDC70	UpdateMoby_643:14
func_L14_002EE260	UpdateMoby_681:14
func_L14_002EE6E0	UpdateMoby_684:14
func_L14_002EFD38	UpdateMoby_685:14
func_L14_002F19C0	UpdateMoby_712:14
func_L14_002FCEA8	UpdateMoby_851:14
func_L14_002FD578	UpdateMoby_908:14
func_L14_002FE038	UpdateMoby_921:14
func_L14_002FF040	UpdateMoby_922:14
func_L14_002FF728	UpdateMoby_923:14
func_L14_00300468	UpdateMoby_924:14
func_L14_00300AC8	UpdateMoby_933:14/16
func_L14_00302288	UpdateMoby_1193:14
func_L14_00302A58	UpdateMoby_1224:14/15/17
func_L14_00304E68	UpdateMoby_1331:14/15
func_L14_00306890	UpdateMoby_1352:14
func_L14_00306BE0	UpdateMoby_1354:14
func_L14_003071B0	UpdateMoby_1395:14
func_L14_00307660	UpdateMoby_1397:14
func_L14_00308000	UpdateMoby_1416:14
func_L14_00308368	UpdateMoby_1417:14
func_L14_00308F08	UpdateMoby_1418:14
func_L14_00309C48	UpdateMoby_1559:14
func_L14_00316388	ActivateCamera_20:14
func_L14_00316718	UpdateCamera_20:14
func_L14_00316DA8	InitCamera_20:14
func_L14_00316E60	ActivateCamera_21:14
func_L14_003171D0	UpdateCamera_21:14
func_L14_00317BD0	InitCamera_21:14
func_L14_00317C68	ExitCamera_21:14
func_L15_00298BB8	UpdateMoby_44:15/17
func_L15_0029BE10	UpdateMoby_49:15/16/17/18
func_L15_0029C1D0	UpdateMoby_67:15
func_L15_0029E8A0	UpdateMoby_256:15/18
func_L15_0029FCB0	UpdateMoby_1427:15/18
func_L15_0029FF90	UpdateMoby_1523:15/18
func_L15_002A3668	UpdateMoby_77:15/17
func_L15_002A3DD0	UpdateMoby_78:15/17
func_L15_002A48B0	UpdateMoby_92:15
func_L15_002A4D88	UpdateMoby_93:15
func_L15_002A8090	UpdateMoby_123:15/17
func_L15_002A8AA8	UpdateMoby_148:15,UpdateMoby_255:15
func_L15_002AB4A8	UpdateMoby_154:15
func_L15_002BEFF8	UpdateMoby_196:15,UpdateMoby_197:15/17,UpdateMoby_1958:17
func_L15_002C3BD8	UpdateMoby_221:15
func_L15_002C6950	UpdateMoby_233:15
func_L15_002CC858	UpdateMoby_408:15/17
func_L15_002D0798	UpdateMoby_491:15
func_L15_002D7C00	UpdateMoby_655:15/17
func_L15_002E5770	UpdateMoby_934:15/17
func_L15_002E5AA0	UpdateMoby_937:15
func_L15_002E6D48	UpdateMoby_1209:15/17
func_L15_002E87B0	UpdateMoby_1250:15
func_L15_002E9358	UpdateMoby_1257:15
func_L15_002EBB38	UpdateMoby_1388:15
func_L15_002EBFC8	UpdateMoby_1394:15
func_L15_002EC490	UpdateMoby_1405:17,UpdateMoby_1406:17,UpdateMoby_1407:17,UpdateMoby_1408:15,UpdateMoby_1409:15,UpdateMoby_1426:17,UpdateMoby_1565:15,UpdateMoby_1567:15
func_L15_002EC8B0	UpdateMoby_1419:15
func_L15_002ECD18	UpdateMoby_1425:15
func_L15_002ED168	UpdateMoby_1428:15/17
func_L15_002ED420	UpdateMoby_1430:15
func_L15_002EDB50	UpdateMoby_1446:15
func_L15_002EE458	UpdateMoby_1451:15,UpdateMoby_1899:18
func_L15_002EE7E8	UpdateMoby_1469:15
func_L15_002EEF70	UpdateMoby_1560:15
func_L15_002F9FF8	InitCamera_22:15
func_L16_002A1C50	UpdateMoby_50:16/18
func_L16_002A50F0	UpdateMoby_1475:16
func_L16_002C5030	UpdateMoby_257:16
func_L16_002C7218	UpdateMoby_281:16
func_L16_002CA848	UpdateMoby_470:16
func_L16_002CAC40	UpdateMoby_471:16
func_L16_002CF180	UpdateMoby_541:16
func_L16_002D0560	UpdateMoby_546:16
func_L16_002D0870	UpdateMoby_552:16
func_L16_002D1868	UpdateMoby_556:16
func_L16_002D40B8	UpdateMoby_638:16/18
func_L16_002D6DA8	UpdateMoby_647:16
func_L16_002D7080	UpdateMoby_650:16
func_L16_002D72C0	UpdateMoby_654:16
func_L16_002D7B08	UpdateMoby_800:16
func_L16_002E3740	UpdateMoby_1356:16/18
func_L16_002E45F8	UpdateMoby_1377:16
func_L16_002E4B50	UpdateMoby_1387:16
func_L16_002E4C08	UpdateMoby_1401:16
func_L16_002E5848	UpdateMoby_1410:16
func_L16_002E6478	UpdateMoby_1439:16
func_L16_002E66C0	UpdateMoby_1441:16
func_L16_002E6908	UpdateMoby_1442:16
func_L16_002E6B70	UpdateMoby_1443:16,UpdateMoby_1890:18
func_L16_002E7270	UpdateMoby_1445:16
func_L16_002E7C70	UpdateMoby_1455:16
func_L16_002E8680	UpdateMoby_1561:16
func_L16_002E8B30	UpdateMoby_1667:16,UpdateMoby_1668:16,UpdateMoby_1669:16,UpdateMoby_1670:16,UpdateMoby_1671:16
func_L16_002E9278	UpdateMoby_1812:16
func_L16_002E93F8	UpdateMoby_1826:16
func_L16_002E9D48	UpdateMoby_1891:16
func_L16_002E9DE8	UpdateMoby_1923:16
func_L16_002EA2F8	UpdateMoby_1943:16
func_L16_002EA828	UpdateMoby_1947:16
func_L16_002EAD58	UpdateMoby_1948:16
func_L16_002EB268	UpdateMoby_1907:17,UpdateMoby_1908:17,UpdateMoby_1910:17,UpdateMoby_1911:17,UpdateMoby_1913:17,UpdateMoby_1918:17,UpdateMoby_1952:16
func_L16_002EB5A0	UpdateMoby_1953:16
func_L17_002AA068	UpdateMoby_99:17
func_L17_002CC788	UpdateMoby_347:17
func_L17_002D8CC8	UpdateMoby_669:17
func_L17_002DD8D0	UpdateMoby_835:17
func_L17_002EA2C8	UpdateMoby_1359:17,UpdateMoby_1360:17,UpdateMoby_1361:17,UpdateMoby_1362:17,UpdateMoby_1363:17,UpdateMoby_1364:17,UpdateMoby_1367:17,UpdateMoby_1369:17,UpdateMoby_1372:17,UpdateMoby_1373:17
func_L17_002EA8F8	UpdateMoby_1368:17
func_L17_002EEB08	UpdateMoby_1379:17
func_L17_002EFDC0	UpdateMoby_1380:17
func_L17_002F0678	UpdateMoby_1382:17
func_L17_002F3450	UpdateMoby_1448:17
func_L17_002F4210	UpdateMoby_1470:17
func_L17_002F49B8	UpdateMoby_1562:17
func_L17_002F5388	UpdateMoby_1772:17
func_L17_002F5C18	UpdateMoby_1843:17
func_L17_002F6DA0	UpdateMoby_1873:17
func_L17_002F6ED0	UpdateMoby_1876:17
func_L18_002A8400	UpdateMoby_41:18
func_L18_002D6440	UpdateMoby_564:18
func_L18_002D6D08	UpdateMoby_568:18
func_L18_002D76D8	UpdateMoby_582:18
func_L18_002D79F0	UpdateMoby_583:18
func_L18_002D8F10	UpdateMoby_586:18
func_L18_002D96B0	UpdateMoby_587:18
func_L18_002DC850	UpdateMoby_624:18
func_L18_002DD650	UpdateMoby_628:18
func_L18_002E09F8	UpdateMoby_644:18
func_L18_002EAB58	UpdateMoby_885:18,UpdateMoby_888:18,UpdateMoby_891:18,UpdateMoby_892:18,UpdateMoby_894:18,UpdateMoby_900:18,UpdateMoby_901:18,UpdateMoby_936:18
func_L18_002EB260	UpdateMoby_983:18
func_L18_002F0F78	UpdateMoby_1355:18
func_L18_002F2AE0	UpdateMoby_1381:18
func_L18_002F3268	UpdateMoby_1392:18
func_L18_002F3710	UpdateMoby_1402:18
func_L18_002F4050	UpdateMoby_1422:18
func_L18_002F8F10	UpdateMoby_1432:18
func_L18_002F8F38	UpdateMoby_1434:18,UpdateMoby_1435:18
func_L18_002F90A0	UpdateMoby_1454:18
func_L18_002F9D48	UpdateMoby_1563:18
func_L18_002FBAA0	UpdateMoby_1568:18
func_L18_002FBB88	UpdateMoby_1584:18
func_L18_002FC188	UpdateMoby_1799:18
func_L18_002FD058	UpdateMoby_1906:18
