# name	variant of	kind	size
func_L00_001EADE8	func_001EE6D0	shared	4
func_L00_001EB0A0	func_001FBC78	shared	4
func_L00_001EB438	func_L00_001EB430	shared	8
func_L00_001EB440	func_0023E000	shared	8
func_L00_001ED460	func_001FE580	shared	4
func_L00_001EDBF8	func_001EE6D0	shared	4
func_L00_001F07A8	func_00208D30	shared	4
func_001F6968	func_001F68E8	exe	124
func_L00_001FB7F8	func_001F68E8	shared	124
func_001F6D88	func_001F6CF8	exe	140
func_001F6E18	func_001F6CF8	exe	140
func_001F6F40	func_001F6EA8	exe	148
func_001F6FD8	func_001F6EA8	exe	148
func_001F75D0	func_001F7560	exe	108
func_L00_0020079C	func_00215378	shared	4
func_L00_0020516C	func_00208238	shared	8
func_L00_0020DB1C	func_0023E050	shared	8
func_L00_0020E0E8	func_00208238	shared	8
func_L00_0020E0F0	func_00208238	shared	8
func_L00_002347F0	func_00208238	shared	8
func_L00_00237B20	func_L00_00236750	shared	76
func_00201640	func_002014B8	exe	388
func_L00_0024A210	func_L00_0024A198	shared	76
func_L00_0024A25C	func_L00_0024A1E4	shared	40
func_L00_0024A338	func_L00_002497E0	shared	40
func_L00_0024B9A8	func_001F6598	shared	12
func_L00_0024BBCC	func_L00_0024B940	shared	28
func_L00_0024BC04	func_L00_0024B980	shared	40
func_L00_0024BC2C	func_001F6598	shared	12
func_00209698	func_002094E0	exe	64
func_L00_0024BFFC	func_L00_0024BFB8	shared	40
func_L00_002513F8	func_L00_00251388	shared	64
func_L00_00251438	func_L00_002513C8	shared	48
func_L00_0025D3D0	func_L00_0025D3A0	shared	32
func_00216A90	func_002169B8	exe	212
func_00220128	func_0021F200	exe	56
func_00222AD0	func_0021FAF8	exe	48
func_00224010	func_0021FAF8	exe	48
func_L00_002951C8	func_00208238	shared	8
func_L00_002C44C8	func_L00_002ADE90	shared	636
func_L00_002D6B90	func_L00_002CC210	shared	76
func_L00_002D6C80	func_L00_002CC360	shared	44
func_L00_002DB6C8	func_L00_002DB690	shared	56
func_L00_002E99F0	func_L00_002E9940	shared	36
func_L00_002EBEE0	func_L00_002EBE88	shared	88
func_0023CF80	func_0023CF10	exe	108
func_L01_002F0ED0	func_L00_002CC210	shared	76
func_L01_002F0F70	func_L00_002CC360	shared	44
func_L01_002F0FA0	func_L00_002D6CB0	shared	28
func_L01_002F3050	func_L00_002CC210	shared	76
func_L01_002F31A0	func_L00_002CC360	shared	44
func_L01_002F31D0	func_L00_002D6CB0	shared	28
func_L01_002F7528	func_L01_002F74D0	level	44
func_L01_002FFF00	func_L01_002F74D0	level	44
func_L01_00309848	func_L00_002D80A0	shared	224
func_L02_002100E8	func_001F9AF0	shared	48
func_L02_002368E8	func_L00_00233410	level	1112
func_L02_00240980	func_L01_00252E80	level	124
func_L02_002D75F8	func_L00_002CC210	shared	76
func_L02_002EE0A0	func_L02_002ED740	shared	228
func_L03_0022CFA8	func_L01_00252E80	level	124
func_L03_0029DA60	func_L01_002F6418	level	296
func_L03_002C8120	func_L03_002C6F40	level	64
func_L03_002DE4B8	func_L03_002D5008	level	152
func_L03_002E3D10	func_L02_002F3398	level	248
func_L04_00231860	func_L01_00252E80	level	124
func_L04_002C5450	func_L00_002CC2B0	level	176
func_L04_002C5530	func_L00_002D6CB0	level	28
func_L04_002D48B8	func_L04_002CF460	level	148
func_L04_002E2BA4	func_L04_002E2B90	level	20
func_L04_002E8D88	func_L02_002F3398	level	248
func_L05_00267EB0	func_L01_00252E80	level	124
func_L05_0030EB40	func_L01_002FE498	level	36
func_L06_002431A0	func_L00_00233410	shared	1112
func_L06_0024DB80	func_L01_00252E80	level	124
func_L06_002F8978	func_L02_002EBC08	shared	224
func_L06_002FDA60	func_L03_002C8058	level	12
func_L06_00304590	func_L03_002C8058	shared	12
func_L06_003054C8	func_L03_002C8058	level	12
func_L06_0030B3E8	func_L06_0030B248	level	416
func_L07_00266470	func_L01_00252E80	level	124
func_L07_0030E100	func_L01_002FE498	level	36
func_L07_003207A8	func_L06_0030ACA0	level	460
func_L07_00320980	func_L06_0030ACA0	level	460
func_L07_00320B50	func_L03_002D50A0	level	384
func_L08_00248A58	func_L01_00252E80	level	124
func_L08_002DD818	func_L05_0031AC50	level	420
func_L08_002F21B0	func_L08_002F20D8	shared	216
func_L08_0030A278	func_L08_002F2000	level	216
func_L08_0030A350	func_L08_002F20D8	level	216
func_L08_0030A4F0	func_L08_002F2288	level	412
func_L08_0030D0C0	func_L02_002F3398	level	248
func_L09_0025DEE0	func_L01_00252E80	level	124
func_L09_0030BA28	func_L02_002F3398	level	248
func_L10_002318E8	func_L01_00252E80	level	124
func_L10_002C04C4	func_L03_002DDED8	level	28
func_L10_002ECC80	func_L10_002DEC08	level	144
func_L11_00264210	func_L01_00252E80	level	124
func_L11_0030FBD0	func_L01_002FE498	level	36
func_L11_00310738	func_L03_002C8028	shared	44
func_L11_0031EC48	func_L02_002F3398	level	248
func_L11_0031FB18	func_L08_002F2000	level	216
func_L11_0031FBF0	func_L08_002F20D8	level	216
func_L11_0031FCC8	func_L08_002F20D8	shared	216
func_L12_00257060	func_L01_00252E80	level	124
func_L12_002C0918	func_L01_002FE498	level	36
func_L12_002E2A68	func_L00_002CC210	level	76
func_L12_0030CAA8	func_L02_002F3398	level	248
func_L13_0024A0F0	func_L01_00252E80	level	124
func_L13_002B9590	func_L11_00312510	level	452
func_L13_0030B080	func_L06_00300DA8	level	704
func_L13_0030B918	func_L01_002FE498	level	36
func_L14_002462D8	func_L01_00252E80	level	124
func_L14_00301090	func_L03_002C8058	shared	12
func_L14_003047F8	func_L03_002DDD78	level	124
func_L14_00306EC0	func_L00_002D80A0	level	224
func_L14_00308EB0	func_L12_002E8530	level	84
func_L15_001FED10	func_L06_0021D6B8	shared	156
func_L15_0020ADD8	func_L01_002333D8	shared	1992
func_L15_0022E3F8	func_L01_00252E80	level	124
func_L16_0023A530	func_L01_00252E80	level	124
func_L16_002D0FC8	func_L05_00308468	level	836
func_L16_002E5FC0	func_L05_0031AA20	level	132
func_L16_002E60A8	func_L05_0031AB08	level	152
func_L16_002E6140	func_L05_0031ABA0	level	176
func_L16_002E61F0	func_L05_0031AC50	level	420
func_L16_002E6398	func_L05_0031ADF8	level	220
func_L16_002EAC18	func_L16_002EA1B8	level	316
func_L17_00239660	func_L01_00252E80	level	124
func_L17_002EBF08	func_L11_00312510	level	452
func_L17_002F1B50	func_L00_002CC360	level	44
func_L17_002F1F58	func_L15_0029BD88	level	136
func_L18_00241168	func_L01_00252E80	level	124
func_L18_002D9488	func_L06_00303630	level	552
func_L18_002EB240	func_L02_002A52B0	level	28
func_L18_002FE070	func_L00_002CC210	level	76
func_L18_002FE1C0	func_L18_002D7670	level	104
