# Moby class names, for the editor's labels: class number, name.
# From Lombyte (MIT, (c) 2026 Mateusz Klysz), config/overlays/us/names/level-NN.json at be2d870:
# its "moby-class-record" evidence, which joins each level's class dispatch table with the class
# names of Wrench's moby_classes unpack (github.com/chaoticgd/wrench). Classes without an update
# function in any level have no name here and show their number.
0	ratchet
8	blarg_heavy_interceptor
11	vendor
13	bolt
14	bolt_hexnut
15	bolt_starnut
16	bolt_circlenut
18	magnetboots
21	elevator
28	plasmabot
29	blarg_turret
30	machinegun_turret
31	minibomber
35	sharkigator
36	blarg_gunner
38	taxi_platform
41	rocket
44	sentrybot
49	rocket
50	rocket
52	seeker
55	hangar_door
63	robosquawker
69	fighter_jet
71	wrench
74	mine
75	red_ship_1
77	mine
79	scenery_ship
82	rocket
83	mine
85	butterfly
87	clank
90	bob
92	gate
93	gate
101	blarg_space_fighter
104	bridge
106	bridge
111	blarg_space_fighter
114	resort_owner
115	white_ship
116	red_ship_2
117	yellow_ship
118	truck_ship
119	green_ship
120	beige_ship
123	spiderbot
132	purple_ship
133	amoeboid
153	gold_devastator_missile
157	devastator
163	visibomb
164	drill
168	blaster
170	forcefield_tower
172	visibomb_missile
175	taunter
176	pyrocitor
177	tesla_claw
180	walloper
182	door
183	door
185	morphoray
186	doom_bot
188	trespasser
190	mine_glove
192	bomb_glove
196	door
197	door
203	decoy
204	devestator_ammo
208	swingshot
209	swingshot_hook
211	plasmabot
212	asteroid
213	tesla_claw_ammo
214	pyrocitor_ammo
217	big_axebot
221	construction_arm
222	visibomb_ammo
223	glove_of_doom_ammo
224	ammocrate
225	mine_glove_ammo
226	bomb_glove_ammo
228	jet_fighter_health_crate
229	glove_of_doom
230	bomb
233	helicopter
240	platform
244	elevator
248	bomb
250	plasmabot_hatch
252	scoutbot
253	bomber_tank
263	asteroid
264	asteroid
265	asteroid
266	asteroid
267	asteroid
270	morphoray_chicken
276	display
280	bolt_crank
281	bomb
282	miner
294	blarg_trooper
295	rocket
296	conveyor_belt
298	fred_pokitaru
302	gadgebot_spawn_container
303	gadgebot_spawn_pad
304	gold_weapon_case
309	platform
318	teleporter
326	blarg_helicopter
328	edwina
331	trackdrive_left
333	blarg_bombthrower
336	helicopter
339	crane_arm
340	circular_saw_enemy
341	hydrodisplacer_faucet
344	blarg_gun
347	dreks_fleet_turret
348	nanotech_crate_fragment
349	nanotech_crate_fragment
351	gadgebot_telepot_pad
353	gate
354	metal_crate_fragment
355	metal_crate_fragment
356	metal_crate_fragment
357	crate_fragment
358	crate_fragment
359	crate_fragment
360	hangar_door
363	explosive_crate_fragment
364	explosive_crate_fragment
384	water_reservoir
388	qwarks_starfighter_part
389	qwarks_starfighter_part
390	qwarks_starfighter_part
391	qwarks_starfighter_part
392	qwarks_starfighter_part
393	qwarks_starfighter_part
394	qwarks_starfighter_part
395	qwarks_starfighter_part
396	qwarks_starfighter_part
399	qwarks_starfighter_part
400	qwarks_starfighter_part
404	forcefield
405	forcefield
408	sentrybot_alarm
409	rocket
419	giant_clank
424	shuttle
425	bomb
427	blarg_trooper
432	eudora_bridge
433	sonic_summoner
434	platform_booster
435	rocket
437	sand_mouse
439	hoverboard
447	qwark_umbris
452	bolt_thief
454	ryno
455	spawner
457	rocket
458	rocket
459	birdbot
462	shrub
466	snow_plow
470	rocket
471	conveyor_belt
479	drone
480	grab_helicopter
481	floating_platform
484	transport_ship
485	ball_ship_1
486	ball_ship_2
488	circular_saw_ship
490	chainsaw_ship
491	ultramech_unlimited
492	bombthrower_grass
493	tank_ship
494	log_ship_1
495	log_ship_2
498	log_ship_carrier
499	gun
500	bolt_crate
501	nanotech_crate
502	metal_crate
505	oom_oom_box
511	ammo_crate
529	purple_ship
530	veldin_ship
531	green_ship
532	red_ship
533	purple_ship
541	test_dummy
545	bomb
546	wall_button
555	log_ship_end
556	test_dummy_on_hoverboard
557	shuttle
562	decoy_glove
563	woodcut_bot
564	rocket
568	mine
570	axe
572	large_amoeboid
573	robot_dog
577	peckbot
578	mine_layer
580	sand_shark
583	thruster_pack_lock_green
585	metal_detector
586	thruster_pack_lock_red
587	floating_platform
604	sandmouse_house
607	helipack
612	constructorbot
613	water_current
615	tresspasser_pad
618	armor_magnetizer
623	extermibot
625	extermitank
627	mine
631	blarg_helicopter
638	blarg_elite_commando
641	cave_door
642	leaf
643	mine
647	door
650	test_dummy_door
651	elevator
652	escalator
653	escalator_end
656	bulldozer
660	fighter_jet
664	platform
665	door_half
666	stationary_ship
668	sand_shark_nest
675	grab_crane
685	elevator
688	bomber_jet
690	liftcar
695	water_lily
696	rock
697	rock
698	rock
701	falling_rock
703	piston_platform
704	rock_formation
705	fan
707	platform
709	bridge_piece_1
710	bridge_piece_2
711	bridge_piece_3
712	taxi
713	transport_pod
715	piston_platform_2
717	skid_mcmarx
724	green_leaves
725	blue_leaves
726	novalis_elevator
729	destroyable_cave_wall
730	agnogg_ship_front
731	agnogg_ship_back
732	crane
733	rocket_launcher
734	platform
735	rocket_door1
736	rocket_door2
743	tresspasser_door1
744	tresspasser_door2
746	bridge_half
749	horny_toad
750	infobot
754	green_mushroom
755	sandshark_egg
758	swingshot_versatarget
760	particle_spawner_smoke__fire
762	rocks
765	statue
766	plant
768	door_left
769	door_right
774	the_plumber
778	pipe
786	skids_agent
788	skid_mcmarx
789	liftcar_pole
790	ship_rear
792	liftcar_platform
795	blimp
803	swingshot_swinging_versatarget
805	spawn_point
806	nanotech_ball
810	floating_platform
812	box
815	beehive
816	taxi
817	statue
819	rocket
822	metropolis_train_locomotive
823	lamp
825	robo_shack_sign
827	frog
830	floor_button
831	water
834	clank_cutscene_trigger
838	electric_gate
844	drain_cover
846	pipe_mounted_grating
849	suckcannon
851	qwark_oltanis
854	ocean_aridia
857	gadgebot
865	medium_amoeboid
866	small_amoeboid
868	moving_platform_small
871	boltcrate_possibly_for_metal_detector
876	test_dummy_pyrocitor
877	elevator_with_button
879	ocean_rilgar
882	bomb
886	timed_activation_pads
890	helga
902	water
903	platform
905	moving_platform_medium
908	jet
909	big_al
911	toxic_gas_vent
913	purple_ship
914	robot_qwark
915	fred_1
916	fred_2
917	fred_3
918	hoverboard_girl
919	qwarks_bouncer
920	qwark_rilgar
921	jet
922	rocket
923	bolt_thief
924	sam
925	shady_salesman
928	moving_platform_large
933	mine
938	bomb
939	bombthrower_grass
941	water
943	water
944	water
948	water
949	water
950	water
952	water
954	water
955	water
958	water
984	television
997	garage_door
998	taxi
1005	tresspasser
1006	blaster_ammo
1007	camera_object
1012	taxi
1015	lab_door
1016	hydrodisplacer
1018	ocean_umbris
1023	blarg_paratrooper
1031	button
1033	platform
1034	rocket
1038	energy_sphere_holder
1040	energy_sphere
1041	bombomatic
1042	mushroom_underside
1048	alien_snapper
1051	alien_queen
1052	bridge
1059	sharkigator
1060	red_orb
1068	blarg_space_commando
1075	pokitaru_boat
1099	qwarks_trailer
1100	block_cave
1101	upper_door
1102	lower_door
1105	fred
1106	snagglebeast
1109	shuttle
1110	homing_mine
1111	ocean_pokitaru
1112	mine
1117	platform
1118	red_button
1120	suck_cannon
1126	machinegun_turret
1130	commando
1134	gold_bolt
1135	teleporter
1139	hoverboard_ring
1140	hoverboard_boost_pad
1141	elevator
1143	vendor_orb
1144	batalia_deserter
1150	elevator
1151	elevator
1172	refueling_station
1178	seesaw_platform
1179	thruster_pack_lock
1181	airship_part
1182	airship_part
1183	airship_part
1184	airship_part
1185	airship_part
1186	airship_part
1187	airship_part
1188	airship_part
1189	airship_part
1190	lieutenant
1196	screamer
1201	turret
1202	toxic_crab
1208	constructorbot
1209	underwater_ring
1210	metropolis_train_carriage
1212	background_ship_1
1213	background_ship_2
1218	ammocrate
1220	jet_fighter_health_crate
1229	blarg_ship
1231	psytcopus
1233	rocket
1242	jet_fighter
1246	puffoid
1249	drek
1250	conveyor_belt
1251	hydrodisplacer
1257	poison_vessel
1261	poison_vessel
1262	blarg_space_commando
1264	oil_tanker_front
1267	hoven_turret
1269	mine
1274	planetbuster_maximus_part
1278	planetbuster_maximus_part
1281	homing_mine_spawner
1282	flame_door
1283	the_plumber_batalia
1285	barrier
1286	barrier
1287	barrier
1288	barrier
1289	o2_mask
1290	pilots_helmet
1297	energy_sphere
1298	display_damaged
1299	display_damaged
1300	display_damaged
1301	bot_elevator
1302	bot_door_lock
1319	blarg_ship
1322	ice_cube
1326	nanotech_upgrade_vendor
1346	gun
1354	morphoray
1355	drek_fight_missile
1356	armed_transport
1359	door
1360	door
1361	door
1362	door
1363	door
1364	door
1367	door
1369	door
1371	blarg_commander
1372	door
1373	door
1377	help_desk_lady
1379	fighter_jet
1380	magnet_elevator
1382	robot_dog
1388	bolt_grabber
1401	bolt_thief
1410	taxi
1412	asteroid
1416	button
1417	blarg_heavy_interceptor
1421	gate_1
1422	drek_final_boss_robot
1424	gate_2
1428	codebot
1430	codebot_slot
1434	deplanetizer_gun
1438	ryno_ammo
1439	grindrail_gate
1440	veldin_robot_enemy
1441	grindrail_gate
1442	grindrail_button
1443	grindrail_barrier
1445	chomper
1446	ultramech_scientist
1447	drone_device_ammo
1448	shuttle
1449	decoy_ammo
1451	giant_clank_pad
1454	rocket_tank
1455	gadgetron_ceo
1456	gold_bomb_glove
1457	gold_pyrocitor
1458	gold_blaster
1459	gold_glove_of_doom
1460	gold_mine_glove
1461	gold_devastator
1462	gold_decoy_glove
1463	gold_tesla_claw
1464	gold_suck_cannon
1465	gold_morphoray
1474	taxi_platform
1475	rocket
1511	lamp
1514	lamp_destroyed
1531	lower_door
1532	upper_door
1564	pterodactyl
1568	deplanetizer_gun
1650	mushroom
1663	robot_head
1686	seashell
1766	shuttle
1781	red_plant
1782	green_plant
1786	hoverboard
1805	blarg_ship
1813	tall_shroom
1818	sandmouse
1819	white_flower
1820	white_flower
1826	elevator
1827	lightpost
1834	pipe
1843	blarg_ship
1849	lamp
1850	lamp_damaged
1859	lamp
1860	lamp_damaged
1862	lamp
1863	lamp_damaged
1885	spawner
1886	spawner_egg
1891	gadgetron_sign
1899	giant_clank_pad
1900	gold_decoy
1906	gadgebot
1933	robot_arm
1934	robot_arm
1958	underwater_door
1973	ship
