# address	symbol	length	xref_count	sample_functions	value
0x001313C0	D_001313C0	16	0		'PsIIlibcdvd 2530'
0x00132EB0	D_00132EB0	32	0		'PsIIlibdbc  2500PsIIlibpad2 2500'
0x0013D2D0	D_0013D2D0	20	7	func_00209A60,func_00209BB8,func_00209E68	'/BA****-*****RATCHET'
0x0013D2E8	D_0013D2E8	22	4	func_00209A60,func_00209E68	'/************RATCHET/*'
0x0013D300	D_0013D300	29	2	func_00209A60,func_00209E68	'/************RATCHET/icon.sys'
0x0013D320	D_0013D320	31	2	func_00209A60,func_00209E68	'/************RATCHET/static.ico'
0x0013D340	D_0013D340	40	5	func_00209A60,func_00209E68,func_0020BFC8	'/************RATCHET/************RATCHET'
0x0013D370	D_0013D370	31	7	func_00209A60,func_00209E68	'/************RATCHET/save%d.bin'
0x00152410	D_00152410	8	1	func_001126D8	'Infinity'
0x001525DF	D_001525DF	36	0		'\n                0000000000000000Inf'
0x00152610	D_00152610	16	3	func_00117118	'0123456789abcdef'
0x00152628	D_00152628	6	1	func_00117118	'(null)'
0x00152630	D_00152630	16	1	func_00117118	'0123456789ABCDEF'
0x00152648	D_00152648	25	1	func_00117118	'bug in vfprintf: bad base'
0x001527E8	D_001527E8	33	1	func_001194C8	'## internel error in libkernl.a!\n'
0x00152810	D_00152810	36	1	func_00119910	'TTY: packet size larger than expect\n'
0x00152838	D_00152838	18	1	func_00119910	'TTY: receive error'
0x00152850	D_00152850	17	1	func_00119910	'TTY: send err %d\n'
0x00152868	D_00152868	23	1	func_00119910	'TTY: err ti->wlen=%08x\n'
0x00152A62	D_00152A62	8	2	func_0011D248	'm0:UDNL '
0x00152A70	D_00152A70	24	1	func_0011D248	"too long parameter '%s'\n"
0x00152A90	D_00152A90	54	1	func_0011D4E0	'# TLB spad=0 kernel=1:%d default=%d:%d extended=%d:%d\n'
0x00152AC8	D_00152AC8	19	1	func_0011D4E0	'# TLB over flow (1)'
0x00152AE0	D_00152AE0	19	1	func_0011D4E0	'# TLB over flow (2)'
0x00152AF8	D_00152AF8	19	1	func_0011D4E0	'# TLB over flow (3)'
0x00152F18	D_00152F18	36	0		'sceCdCbfunc= %d sceCdCbfunc_num= %d\n'
0x00152F40	D_00152F40	30	0		'Libcdvd bind err CdSearchFile\n'
0x00152F60	D_00152F60	22	0		'ee call cmd search %s\n'
0x00152F78	D_00152F78	15	0		'search name %s\n'
0x00152F88	D_00152F88	15	0		'search size %d\n'
0x00152F98	D_00152F98	18	0		'search loc lbn %d\n'
0x00152FB0	D_00152FB0	38	1	func_00120D28	'Ncmd fail sema cur_cmd:%d keep_cmd:%d\n'
0x00152FD8	D_00152FD8	23	1	func_00120D28	'Libcdvd bind err N CMD\n'
0x00152FF0	D_00152FF0	11	1	func_00120F30	'N cmd wait\n'
0x00153000	D_00153000	11	1	func_00120FD0	'S cmd wait\n'
0x00153010	D_00153010	38	1	func_00121040	'Scmd fail sema cur_cmd:%d keep_cmd:%d\n'
0x00153038	D_00153038	23	1	func_00121040	'Libcdvd bind err S cmd\n'
0x00153050	D_00153050	31	1	func_001211B0	'Libcdvd bind err %d CD_Init %d\n'
0x00153070	D_00153070	13	1	func_001211B0	'Libcdvd Exit\n'
0x00153080	D_00153080	12	1	func_00121490	'DiskReady 0\n'
0x00153090	D_00153090	29	1	func_00121490	'Libcdvd bind err CdDiskReady\n'
0x001530B0	D_001530B0	16	1	func_00121490	'DiskReady ended\n'
0x001530C8	D_001530C8	16	1	func_00121750	'call cdread cmd\n'
0x001530E0	D_001530E0	11	1	func_00121750	'cdread end\n'
0x001530F0	D_001530F0	26	1	func_00121A80	'Libcdvd call Clock read 1\n'
0x00153110	D_00153110	26	1	func_00121A80	'Libcdvd call Clock read 2\n'
0x00153130	D_00153130	11	1	func_00121D18	'rom0:ROMVER'
0x00153140	D_00153140	51	1	func_00121DC8	'sceGsDefDispEnv:Not support displaymode for 0x%x!!\n'
0x00153178	D_00153178	46	1	func_001224B0	'sceGsPutDrawEnv: DMA Ch.2 does not terminate\r\n'
0x001531B0	D_001531B0	36	1	func_00122630	'sceGsSetDefLoadImage: too big size\r\n'
0x001532D0	D_001532D0	49	1	func_00122958	'sceGsExecLoadImage: DMA Ch.2 does not terminate\r\n'
0x00153310	D_00153310	50	1	func_00122958	'sceGsExecStoreImage: DMA Ch.1 does not terminate\r\n'
0x00153348	D_00153348	44	1	func_00122958	'sceGsExecStoreImage: GS does not terminate\r\n'
0x00153378	D_00153378	60	1	func_00122958	'sceGsExecStoreImage: DMA Ch.1 (GS->MEM) does not terminate\r\n'
0x001533B8	D_001533B8	53	1	func_00122958	'sceGsExecStoreImage: Enough data does not reach VIF1\n'
0x001534E0	D_001534E0	21	1	func_00123208	'libdma: sync timeout\n'
0x00153550	D_00153550	18	1	func_001236F0	'bind error libmc \n'
0x00153568	D_00153568	37	1	func_001236F0	'libmc: too old release of mcserv.irx\n'
0x00153590	D_00153590	36	1	func_001236F0	'libmc: too old release of mcman.irx\n'
0x001535B8	D_001535B8	30	0		'sceMcUdCheckNewCard RPC faild\n'
0x001535D8	D_001535D8	20	2	func_00124650	'libdbc: bind failed\n'
0x001535F0	D_001535F0	32	1	func_00124650	'libdbc: Module version mismatch '
0x00153618	D_00153618	39	1	func_00124650	'[libdbc.a = %d.%d, dbcman.irx = %d.%d]\n'
0x00153640	D_00153640	16	1	func_00124650	'SifDmaAddr %08x\n'
0x00153658	D_00153658	29	1	func_001247E8	'sceDbcSetWorkAddr: rpc error\n'
0x00153678	D_00153678	30	1	func_00124858	'sceDbcCreateSocket: rpc error\n'
0x00153698	D_00153698	30	0		'sceDbcDeleteSocket: rpc error\n'
0x001536B8	D_001536B8	30	1	func_00124920	'sceDbcGetDepNumber: rpc error\n'
0x001536D8	D_001536D8	28	0		'sceDbcInitSocket: rpc error\n'
0x001536F8	D_001536F8	29	0		'sceDbcResetSocket: rpc error\n'
0x00153718	D_00153718	33	0		'sceDbcGetDeviceStatus: rpc error\n'
0x00153740	D_00153740	24	0		'sceDbcSRData: rpc error\n'
0x00153760	D_00153760	26	0		'sceDbcSendData: rpc error\n'
0x00153780	D_00153780	27	0		'sceDbcSendData2: rpc error\n'
0x001537A0	D_001537A0	29	1	func_00124A70	'sceDbcReceiveData: rpc error\n'
0x001537C0	D_001537C0	5	0		'ERROR'
0x001537D0	D_001537D0	6	0		'STABLE'
0x001537D8	D_001537D8	6	0		'NOLINK'
0x001537E8	D_001537E8	34	1	func_00125630	'Invalid modion type -- ignored(%d)'
0x00153810	D_00153810	29	1	func_00125880	'(a) invalid motion_type(%d)-0'
0x00153830	D_00153830	29	1	func_00125880	'(b) invalid motion_type(%d)-1'
0x00153850	D_00153850	29	1	func_00125880	'(c) invalid motion_type(%d)-2'
0x00153870	D_00153870	16	1	func_001263A8	'intra && skip MB'
0x00153888	D_00153888	25	1	func_001273A0	'Error code detected(BDEC)'
0x001538A8	D_001538A8	49	1	func_00127748	'Invalid macroblock_address_increment code(0x%08x)'
0x001538E0	D_001538E0	28	1	func_00127858	'= Skip to the next picture ='
0x00153900	D_00153900	37	1	func_00127960	'slice_start_code(0x%08x) out of range'
0x00153928	D_00153928	25	1	func_00127960	'_sliceA0(): error happens'
0x00153948	D_00153948	31	1	func_00127A90	'Too many macroblocks in picture'
0x00153968	D_00153968	44	1	func_00127C80	'skiped macroblock in I picure is not allowed'
0x00153998	D_00153998	31	1	func_00127D40	'Invalid macroblock_type code: 0'
0x001539E8	D_001539E8	39	1	func_001292E0	'load_chroma_intra_quantizer_matrix == 1'
0x00153A10	D_00153A10	43	1	func_001292E0	'load_chroma_non_intra_quantizer_matrix == 1'
0x00153A40	D_00153A40	28	1	func_00129530	'odd number of field pictures'
0x00153A60	D_00153A60	26	1	func_00129530	'unknown picture sutructure'
0x00153A80	D_00153A80	40	1	func_00129948	'Too small buffer size for %dx%d picture\n'
0x00153AB0	D_00153AB0	18	1	func_0012A558	'CSC handler error\n'
0x00153AD8	D_00153AD8	45	1	func_0012B2C0	"pack_header_field_flag needs to be '0' in PS\n"
0x00153B10	D_00153B10	34	1	func_0012B918	'The size of work area is too small'
0x00153B38	D_00153B38	27	1	func_0012BD60	'work area size is too small'
0x00153B58	D_00153B58	59	1	func_0012BDD0	'image buffer needs to be aligned to 64byte boundary(0x%08x)'
0x00153BB8	D_00153BB8	27	1	func_0012C278	'the second field is missing'
0x00153BD8	D_00153BD8	15	1	func_0012C420	'[MPEG ERROR]%s\n'
0x00153BE8	D_00153BE8	20	1	func_0012C4E0	'vertical size > 2800'
0x00153C00	D_00153C00	33	1	func_0012CA70	'_chroma_format needs to be 1: 420'
0x00153C28	D_00153C28	25	1	func_0012CA70	'Unsupported profile/level'
0x00153C48	D_00153C48	47	1	func_0012CBA0	'_sequenceScalableExtension() is not implemented'
0x00153C78	D_00153C78	17	1	func_0012CBA0	'Unknown Extension'
0x00153C90	D_00153C90	49	1	func_0012CBA0	'_pictureSpatialScalableExtension is not supported'
0x00153CC8	D_00153CC8	50	1	func_0012CBA0	'_pictureTemporalScalableExtension is not supported'
0x00153D00	D_00153D00	11	1	func_0012D2A0	'rom0:ROMVER'
0x00153D10	D_00153D10	23	1	func_0012D2A0	"Can't open rom0:ROMVER\n"
0x00153D28	D_00153D28	21	1	func_0012D2A0	"Can't read rom error\n"
0x00153D50	D_00153D50	39	2	func_0012DB68	'error: sceSifBindRpc in %s, at line %d\n'
0x00153D78	D_00153D78	29	2	func_0012DB68	'/usr/local/989snd/ee/989snd.c'
0x00153D98	D_00153D98	81	1	func_0012DFB0	"989snd.c: Sif says RPC isn't busy, but we still don't have returns from the IOP!\n"
0x00153DF0	D_00153DF0	40	0		'snd_BankLoad: Load already in progress!\n'
0x00153E20	D_00153E20	25	5	func_0012E060,func_0012E1C8,func_0012E688	'989snd.c: RPC collision!\n'
0x00153E40	D_00153E40	50	0		'989snd.c: RPC call has failed inside snd_BankLoad\n'
0x00153E78	D_00153E78	43	0		'snd_BankLoad_CB: Load already in progress!\n'
0x00153EA8	D_00153EA8	45	1	func_0012E060	'snd_BankLoadByLoc: Load already in progress!\n'
0x00153ED8	D_00153ED8	28	1	func_0012E060	'snd_BankLoadByLoc: CD BUSY!\n'
0x00153EF8	D_00153EF8	55	1	func_0012E060	'989snd.c: RPC call has failed inside snd_BankLoadByLoc\n'
0x00153F30	D_00153F30	46	0		'snd_BankLoadFromEE: Load already in progress!\n'
0x00153F60	D_00153F60	29	0		'snd_BankLoadFromEE: CD BUSY!\n'
0x00153F80	D_00153F80	56	0		'989snd.c: RPC call has failed inside snd_BankLoadFromEE\n'
0x00153FC0	D_00153FC0	49	1	func_0012E1C8	'snd_BankLoadFromEE_CB: Load already in progress!\n'
0x00153FF8	D_00153FF8	32	1	func_0012E1C8	'snd_BankLoadFromEE_CB: CD BUSY!\n'
0x00154020	D_00154020	47	0		'snd_BankLoadFromIOP: Load already in progress!\n'
0x00154050	D_00154050	30	0		'snd_BankLoadFromIOP: CD BUSY!\n'
0x00154070	D_00154070	57	0		'989snd.c: RPC call has failed inside snd_BankLoadFromIOP\n'
0x001540B0	D_001540B0	50	0		'snd_BankLoadFromIOP_CB: Load already in progress!\n'
0x001540E8	D_001540E8	33	0		'snd_BankLoadFromIOP_CB: CD BUSY!\n'
0x00154110	D_00154110	95	1	func_0012E820	'snd_SendIOPCommandNoWait: BUFFER %d FULL(%d)! Sound stalled waiting for IOP comands to finish!\n'
0x00154170	D_00154170	44	1	func_0012E820	'snd_SendIOPCommandNoWait: continueing (%d).\n'
0x0015F120	D_0015F120	9	1	func_001F0FF8	'%s%d\\%s%s'
0x0015F138	D_0015F138	12	1	func_001F0FF8	'occ_samp.dat'
0x0015F150	D_0015F150	13	0		'-------------'
0x0015F160	D_0015F160	6	0		'UPDATE'
0x0015F170	D_0015F170	8	0		'Ratchett'
0x0015F188	D_0015F188	5	0		'Parts'
0x0015F190	D_0015F190	6	0		'Camera'
0x0015F1B8	D_0015F1B8	7	0		'Control'
0x0015F1C0	D_0015F1C0	7	0		'Profile'
0x0015F1D0	D_0015F1D0	8	0		'Bookmark'
0x0015F1E0	D_0015F1E0	6	0		'Invinc'
0x0015F1E8	D_0015F1E8	8	0		'Drawdist'
0x0015F200	D_0015F200	7	0		'Tv Mode'
0x0015F208	D_0015F208	6	0		'Screen'
0x0015F210	D_0015F210	5	0		'Scene'
0x0015F228	D_0015F228	7	0		'Segment'
0x0015F230	D_0015F230	7	0		'%d = %d'
0x0015F240	D_0015F240	6	0		'Darken'
0x0015F248	D_0015F248	8	0		'Env Coll'
0x0015F258	D_0015F258	9	0		'Moby Coll'
0x0015F268	D_0015F268	9	0		'Hero Coll'
0x0015F278	D_0015F278	8	0		'Bspheres'
0x0015F288	D_0015F288	7	0		'Cameras'
0x0015F290	D_0015F290	7	0		'Cuboids'
0x0015F298	D_0015F298	7	0		'Samples'
0x0015F2B0	D_0015F2B0	10	0		'SuckCannon'
0x0015F2C0	D_0015F2C0	10	0		'Morpha-Ray'
0x0015F2D0	D_0015F2D0	9	0		'Inflato R'
0x0015F2F0	D_0015F2F0	9	0		'D. Droids'
0x0015F308	D_0015F308	10	0		'Devastator'
0x0015F318	D_0015F318	8	0		'Visibomb'
0x0015F328	D_0015F328	6	0		'Agents'
0x0015F330	D_0015F330	9	0		'Pyrocitor'
0x0015F340	D_0015F340	10	0		'Tesla Claw'
0x0015F350	D_0015F350	10	0		'Mine Glove'
0x0015F360	D_0015F360	7	0		'Blaster'
0x0015F368	D_0015F368	5	0		'Bolts'
0x0015F380	D_0015F380	7	0		'NearDst'
0x0015F390	D_0015F390	7	0		'NearInt'
0x0015F398	D_0015F398	6	0		'FarDst'
0x0015F3A0	D_0015F3A0	6	0		'FarInt'
0x0015F3A8	D_0015F3A8	7	0		'Color_R'
0x0015F3B0	D_0015F3B0	7	0		'Color_G'
0x0015F3B8	D_0015F3B8	7	0		'Color_B'
0x0015F3C8	D_0015F3C8	9	0		'BattleCam'
0x0015F3D8	D_0015F3D8	8	0		'Actuator'
0x0015F3E8	D_0015F3E8	9	0		'AddSample'
0x0015F3F8	D_0015F3F8	8	0		'AddStart'
0x0015F410	D_0015F410	7	0		'  music'
0x0015F418	D_0015F418	7	0		' dialog'
0x0015F420	D_0015F420	7	0		'ambient'
0x0015F428	D_0015F428	7	0		'  shell'
0x0015F480	D_0015F480	12	4	func_001F3D78	'render setup'
0x0015F490	D_0015F490	8	4	func_001F3D78	'sky draw'
0x0015F4A0	D_0015F4A0	11	1	func_001F3D78	'pre effects'
0x0015F4B0	D_0015F4B0	10	2	func_001F3D78	'vu effects'
0x0015F4C0	D_0015F4C0	12	2	func_001F3D78	'moby effects'
0x0015F4D0	D_0015F4D0	9	2	func_001F3D78	'part draw'
0x0015F4E0	D_0015F4E0	12	2	func_001F3D78	'post effects'
0x0015F4F0	D_0015F4F0	7	1	func_001F3D78	'aa blur'
0x0015F500	D_0015F500	15	1	func_001F3D78	'screen overlays'
0x0015F518	D_0015F518	15	1	func_001F3D78	'tie patch-light'
0x0015F528	D_0015F528	10	1	func_001F3D78	'moby patch'
0x0015F650	D_0015F650	8	1	func_001FBE80	'%s%c%c%s'
0x0015F660	D_0015F660	5	1	func_001FBE80	'%s %s'
0x0015F670	D_0015F670	12	1	func_001FBE80	'%d:%02d:%02d'
0x0015F7B8	D_0015F7B8	7	3	func_001FF6B8	'hud.cpp'
0x0015F7E8	D_0015F7E8	6	0		'%s: %d'
0x0015F940	D_0015F940	10	0		'%s + %d %s'
0x0015FB40	D_0015FB40	13	1	func_00201E88	'Rebooted IOP\n'
0x0015FC70	D_0015FC70	11	2	func_002032D0	'loaders.cpp'
0x0015FC80	D_0015FC80	10	1	func_002032D0	'hud bank 0'
0x0015FC90	D_0015FC90	10	1	func_002032D0	'hud bank 2'
0x0015FCA0	D_0015FCA0	10	1	func_002032D0	'hud bank 3'
0x0015FCB0	D_0015FCB0	10	1	func_002032D0	'hud bank 4'
0x0015FCF0	D_0015FCF0	11	3	func_0019FEA0,func_2019FEA0,func_3029FEA0	'map level 0'
0x0015FD00	D_0015FD00	11	3	func_0019FEA4,func_2019FEA4,func_3029FEA4	'map level 1'
0x0015FD10	D_0015FD10	11	3	func_0019FEA8,func_2019FEA8,func_3029FEA8	'map level 2'
0x0015FD20	D_0015FD20	11	3	func_0019FEAC,func_2019FEAC,func_3029FEAC	'map level 3'
0x0015FD30	D_0015FD30	11	3	func_0019FEB0,func_2019FEB0,func_3029FEB0	'map level 4'
0x0015FD40	D_0015FD40	11	3	func_0019FEB4,func_2019FEB4,func_3029FEB4	'map level 5'
0x0015FD50	D_0015FD50	11	3	func_0019FEB8,func_2019FEB8,func_3029FEB8	'map level 6'
0x0015FD60	D_0015FD60	11	3	func_0019FEBC,func_2019FEBC,func_3029FEBC	'map level 7'
0x0015FD70	D_0015FD70	11	3	func_0019FEC0,func_2019FEC0,func_3029FEC0	'map level 8'
0x0015FD80	D_0015FD80	11	3	func_0019FEC4,func_2019FEC4,func_3029FEC4	'map level 9'
0x0015FD90	D_0015FD90	12	3	func_0019FEC8,func_2019FEC8,func_3029FEC8	'map level 10'
0x0015FDA0	D_0015FDA0	12	3	func_0019FECC,func_2019FECC,func_3029FECC	'map level 11'
0x0015FDB0	D_0015FDB0	12	3	func_0019FED0,func_2019FED0,func_3029FED0	'map level 12'
0x0015FDC0	D_0015FDC0	12	3	func_0019FED4,func_2019FED4,func_3029FED4	'map level 13'
0x0015FDD0	D_0015FDD0	12	3	func_0019FED8,func_2019FED8,func_3029FED8	'map level 14'
0x0015FDE0	D_0015FDE0	12	3	func_0019FEDC,func_2019FEDC,func_3029FEDC	'map level 15'
0x0015FDF0	D_0015FDF0	12	3	func_0019FEE0,func_2019FEE0,func_3029FEE0	'map level 16'
0x0015FE00	D_0015FE00	12	3	func_0019FEE4,func_2019FEE4,func_3029FEE4	'map level 17'
0x0015FE10	D_0015FE10	12	3	func_0019FEE8,func_2019FEE8,func_3029FEE8	'map level 18'
0x0015FE68	D_0015FE68	5	1	func_00208AB0	'error'
0x0015FE78	D_0015FE78	7	3	func_001A04D0,func_201A04D0,func_302A04D0	'CS_INIT'
0x0015FE80	D_0015FE80	12	3	func_001A04D4,func_201A04D4,func_302A04D4	'CS_GOOD_SAVE'
0x0015FE90	D_0015FE90	10	3	func_001A04D8,func_201A04D8,func_302A04D8	'CS_WARNING'
0x0015FEA0	D_0015FEA0	9	3	func_001A04DC,func_201A04DC,func_302A04DC	'CS_NOCARD'
0x0015FEB0	D_0015FEB0	14	3	func_001A04E4,func_201A04E4,func_302A04E4	'CS_UNFORMATTED'
0x0015FEC0	D_0015FEC0	13	3	func_001A04F0,func_201A04F0,func_302A04F0	'CS_FORMATTING'
0x0015FED0	D_0015FED0	12	3	func_001A04F4,func_201A04F4,func_302A04F4	'CS_FORMATTED'
0x0015FEE0	D_0015FEE0	13	3	func_001A04F8,func_201A04F8,func_302A04F8	'CS_CHECK_SAVE'
0x0015FEF0	D_0015FEF0	9	3	func_001A0500,func_201A0500,func_302A0500	'CS_NOSAVE'
0x0015FF00	D_0015FF00	10	3	func_001A0510,func_201A0510,func_302A0510	'CS_NEWCARD'
0x0015FF10	D_0015FF10	10	3	func_001A051C,func_201A051C,func_302A051C	'CS_NO_ROOM'
0x0015FF20	D_0015FF20	14	3	func_001A0520,func_201A0520,func_302A0520	'CS_LOAD_FAILED'
0x0015FF30	D_0015FF30	14	3	func_001A0524,func_201A0524,func_302A0524	'CS_SAVE_FAILED'
0x0015FF40	D_0015FF40	9	3	func_001A0528,func_201A0528,func_302A0528	'CS_SAVING'
0x0015FF68	D_0015FF68	5	1	func_00209E68	'%s/%s'
0x0015FF70	D_0015FF70	12	1	func_00209E68	'deleting %s\n'
0x0015FFC0	D_0015FFC0	11	1	func_0020DEB0	'moby shadow'
0x0015FFD0	D_0015FFD0	9	1	func_0020E0C8	'moby texs'
0x0015FFE0	D_0015FFE0	9	3	func_0020E200	'moby draw'
0x0015FFF0	D_0015FFF0	9	1	func_0020E200	'moby skin'
0x001600E8	D_001600E8	9	0		' Scale: 5'
0x001600F8	D_001600F8	10	0		' Scale: %d'
0x00160108	D_00160108	11	0		' Scale: %4f'
0x00160190	D_00160190	8	1	func_00217AE8	'%d%s%03d'
0x00160310	D_00160310	9	0		'misc anim'
0x00160370	D_00160370	7	0		'default'
0x00160380	D_00160380	5	1	func_0021B298	'%s %s'
0x00160388	D_00160388	6	4	func_0021B298	'(null)'
0x001603A7	D_001603A7	12	0		'?%s %d %s %d'
0x001603C0	D_001603C0	8	1	func_00220160	'%d,%03d/'
0x001603D0	D_001603D0	7	2	func_00220160,func_00224C30	'%d,%03d'
0x001603E8	D_001603E8	7	0		'(error)'
0x00160400	D_00160400	9	1	func_00224C30	'%02d:%02d'
0x00160410	D_00160410	12	1	func_00224C30	'%d,%03d,%03d'
0x00160420	D_00160420	14	1	func_00224C30	'%02x/%02x/%02x'
0x001604B0	D_001604B0	10	1	func_00229E50	'shrub texs'
0x001604C0	D_001604C0	10	2	func_00229E50	'shrub draw'
0x00160550	D_00160550	8	1	func_0022C7E0	'sky texs'
0x001606D0	D_001606D0	13	282	func_001DDEE0,func_001DDEE4,func_001DDEE8	'\\DEMOLOGO.NTS'
0x001606E0	D_001606E0	13	3	func_001DDF10,func_201DDF10,func_302DDF10	'\\INFOBOT2.PSS'
0x001606F0	D_001606F0	13	3	func_001DDF28,func_201DDF28,func_302DDF28	'\\INFOBOT3.PSS'
0x00160700	D_00160700	13	18	func_001DDF40,func_001DDF44,func_001DDF48	'\\INFOBOT4.PSS'
0x00160710	D_00160710	15	6	func_001DDF58,func_001DDF5C,func_201DDF58	'\\REPORTER.PSS;1'
0x00160720	D_00160720	14	3	func_001DDF60,func_201DDF60,func_302DDF60	'\\IBOT5_F.PSS;1'
0x00160730	D_00160730	14	3	func_001DDF64,func_201DDF64,func_302DDF64	'\\IBOT5_G.PSS;1'
0x00160740	D_00160740	14	3	func_001DDF68,func_201DDF68,func_302DDF68	'\\IBOT5_S.PSS;1'
0x00160750	D_00160750	14	3	func_001DDF6C,func_201DDF6C,func_302DDF6C	'\\IBOT5_I.PSS;1'
0x00160760	D_00160760	15	18	func_001DDF88,func_001DDF8C,func_001DDF90	'\\INFOBOT7.PSS;1'
0x00160C60	D_00160C60	6	0		'normal'
0x00160C68	D_00160C68	6	0		'camera'
0x00160C78	D_00160C78	6	0		'volume'
0x00160C98	D_00160C98	6	3	func_001E0030,func_201E0030,func_302E0030	'render'
0x00160CA0	D_00160CA0	5	3	func_001E0034,func_201E0034,func_302E0034	'mobys'
0x00160CB0	D_00160CB0	6	3	func_001E003C,func_201E003C,func_302E003C	'shrubs'
0x00160CC0	D_00160CC0	7	3	func_001E0044,func_201E0044,func_302E0044	'cpu/gpu'
0x00160CC8	D_00160CC8	6	0		'sphere'
0x00160CF8	D_00160CF8	5	0		'sound'
0x00160D28	D_00160D28	5	0		'small'
0x00160D38	D_00160D38	6	0		'freeze'
0x00160D40	D_00160D40	6	0		'active'
0x00160D80	D_00160D80	12	3	func_001E0048,func_201E0048,func_302E0048	'render setup'
0x00160D90	D_00160D90	8	3	func_001E004C,func_201E004C,func_302E004C	'sky texs'
0x00160DA0	D_00160DA0	8	3	func_001E0050,func_201E0050,func_302E0050	'sky draw'
0x00160DB0	D_00160DB0	10	3	func_001E0054,func_201E0054,func_302E0054	'tfrag texs'
0x00160DC0	D_00160DC0	10	3	func_001E0058,func_201E0058,func_302E0058	'tfrag draw'
0x00160DD0	D_00160DD0	8	3	func_001E005C,func_201E005C,func_302E005C	'tie texs'
0x00160DE0	D_00160DE0	8	3	func_001E0060,func_201E0060,func_302E0060	'tie draw'
0x00160DF0	D_00160DF0	10	3	func_001E0064,func_201E0064,func_302E0064	'shrub texs'
0x00160E00	D_00160E00	10	3	func_001E0068,func_201E0068,func_302E0068	'shrub draw'
0x00160E10	D_00160E10	9	3	func_001E006C,func_201E006C,func_302E006C	'moby texs'
0x00160E20	D_00160E20	9	3	func_001E0070,func_201E0070,func_302E0070	'moby draw'
0x00160E30	D_00160E30	12	3	func_001E0074,func_201E0074,func_302E0074	'effects texs'
0x00160E40	D_00160E40	10	3	func_001E0078,func_201E0078,func_302E0078	'vu effects'
0x00160E50	D_00160E50	12	3	func_001E007C,func_201E007C,func_302E007C	'moby effects'
0x00160E60	D_00160E60	9	3	func_001E0080,func_201E0080,func_302E0080	'part draw'
0x00160E70	D_00160E70	12	3	func_001E0084,func_201E0084,func_302E0084	'post effects'
0x00160E88	D_00160E88	15	3	func_001E008C,func_201E008C,func_302E008C	'screen overlays'
0x00160E98	D_00160E98	7	3	func_001E0090,func_201E0090,func_302E0090	'aa blur'
0x00160EA0	D_00160EA0	10	3	func_001E0094,func_201E0094,func_302E0094	'debug text'
0x00160EB8	D_00160EB8	5	0		'black'
0x00160EC8	D_00160EC8	5	0		'white'
0x00160F70	D_00160F70	10	1	func_002346C0	'tfrag texs'
0x00160F80	D_00160F80	10	2	func_002346C0	'tfrag draw'
0x00160FE8	D_00160FE8	12	0		'%x %x %x %x\n'
0x00161030	D_00161030	8	2	func_00236BE0,func_00236CA8	'tie texs'
0x00161040	D_00161040	8	4	func_00236BE0,func_00236CA8	'tie draw'
0x00161148	D_00161148	11	0		'moby update'
0x00161158	D_00161158	11	0		'hero update'
0x00161168	D_00161168	11	0		'part update'
0x00161178	D_00161178	7	1	func_002399A0	'%d,%03d'
0x001612F8	D_001612F8	13	1	func_0023BF48	'[ Error ] %s\n'
0x00199A68	D_00199A68	36	1	func_001FE540	'Paradox: This message does not exist'
0x001E7960	D_001E7960	27	0		'cdrom0:\\CODE\\I5\\PARAM.TXT;1'
0x001E7980	D_001E7980	25	0		'Could not load params %s\n'
0x001E79A0	D_001E79A0	27	0		'unloaded sound bank %#010x\n'
0x001E79C0	D_001E79C0	22	1	func_001E99D8	'loading sound bank...\n'
0x001E79D8	D_001E79D8	79	1	func_001E9EC8	'!!!! Too many directional lights !!!! - Lighting will look bogus as a penalty.\n'
0x001E7A50	D_001E7A50	57	0		'Camera_CollPrimTest WARNING! - grid out of bounds! (RAR)\n'
0x001E7A90	D_001E7A90	42	0		'assertion "%s" failed: file "%s", line %d\n'
0x001E7AD8	D_001E7AD8	25	3	func_001F0FF8	'cdrom0:\\DATA\\LEVELS\\LEVEL'
0x001E7AF8	D_001E7AF8	21	2	func_001F0FF8	'occ_sample_deltas.dat'
0x001E7B10	D_001E7B10	27	1	func_001F0FF8	'add_sample: %.2f %.2f %.2f\n'
0x001E7B30	D_001E7B30	25	1	func_001F0FF8	'start_pt: %.2f %.2f %.2f\n'
0x001E7BA0	D_001E7BA0	17	1	func_001F3D78	'tfrag patch-light'
0x001E7BB8	D_001E7BB8	17	1	func_001F3D78	'shrub patch-light'
0x001E7DC0	D_001E7DC0	16	0		'%s: %d:%02d:%02d'
0x001E7DD8	D_001E7DD8	18	2	func_001FFE88	'(Message too long)'
0x001E7DF0	D_001E7DF0	18	0		'%s + %s + %d Flips'
0x001E7E10	D_001E7E10	22	1	func_00201E88	'cdrom0:\\IOPRP243.IMG;1'
0x001E7E28	D_001E7E28	19	1	func_00201E88	'loaded irx modules\n'
0x001E7E40	D_001E7E40	24	1	func_00201E88	'Unsupported language %d\n'
0x001E7E80	D_001E7E80	30	1	func_002027C0	'screwed up point light on tie\n'
0x001E7EA0	D_001E7EA0	32	1	func_002027C0	'screwed up point light on tfrag\n'
0x001E7EC8	D_001E7EC8	32	1	func_002027C0	'screwed up point light on shrub\n'
0x001E7EF0	D_001E7EF0	20	0		'moby %d:      %.1fK\n'
0x001E7F08	D_001E7F08	79	0		'!!!! Too many directional lights !!!! - Lighting will look bogus as a penalty.\n'
0x001E7F58	D_001E7F58	49	0		'***\nocclusion out of date on mobys (%d / %d)\n***\n'
0x001E7F90	D_001E7F90	39	0		'***\nocclusion out of date on tfrag\n***\n'
0x001E7FB8	D_001E7FB8	48	0		'***\nocclusion out of date on ties (%d / %d)\n***\n'
0x001E7FF0	D_001E7FF0	21	0		'***\nno occlusion\n***\n'
0x001E8030	D_001E8030	30	0		'internal level sound mismatch\n'
0x001E8050	D_001E8050	40	0		'internal moby sound mismatch on moby %d\n'
0x001E8080	D_001E8080	21	0		'\n*** MEMORY MAP ***\n\n'
0x001E80B0	D_001E80B0	22	0		'code mem:       %.1fK\n'
0x001E80C8	D_001E80C8	22	0		'dead space:     %.1fK\n'
0x001E80E0	D_001E80E0	22	0		'vu chain bufs:  %.1fK\n'
0x001E8110	D_001E8110	22	0		'gadget buffer:  %.1fK\n'
0x001E8128	D_001E8128	22	0		'tfrag geom:     %.1fK\n'
0x001E8140	D_001E8140	24	0		'tfrag geom:     unknown\n'
0x001E8160	D_001E8160	22	0		'occlusion:      %.1fK\n'
0x001E8190	D_001E8190	22	0		'collision:      %.1fK\n'
0x001E81A8	D_001E81A8	22	0		'shared vram:    %.1fK\n'
0x001E81C0	D_001E81C0	22	0		'particle vram:  %.1fK\n'
0x001E81D8	D_001E81D8	22	0		'effects vram:   %.1fK\n'
0x001E81F0	D_001E81F0	22	0		'mobys:          %.1fK\n'
0x001E8208	D_001E8208	22	0		'ties:           %.1fK\n'
0x001E8220	D_001E8220	22	0		'shrubs:         %.1fK\n'
0x001E8238	D_001E8238	22	0		'ratchett seqs:  %.1fK\n'
0x001E8250	D_001E8250	22	0		'tie insts:      %.1fK\n'
0x001E8268	D_001E8268	22	0		'shrub insts:    %.1fK\n'
0x001E8280	D_001E8280	22	0		'moby insts:     %.1fK\n'
0x001E8298	D_001E8298	22	0		'moby pvars:     %.1fK\n'
0x001E82B0	D_001E82B0	22	0		'paths:          %.1fK\n'
0x001E82C8	D_001E82C8	22	0		'part insts:     %.1fK\n'
0x001E82E0	D_001E82E0	22	0		'end of mem:     %.1fM\n'
0x001E82F8	D_001E82F8	22	0		'estimated mem:  %.1fM\n'
0x001E8310	D_001E8310	50	0		'host0:z:/i5/levels/level%d/npcs/scene_%d/scene.dat'
0x001E8348	D_001E8348	51	0		'host0:z:/i5/levels/level%d/npcs/scene_%d/scenep.dat'
0x001E8380	D_001E8380	17	0		'map art (default)'
0x001E8398	D_001E8398	16	1	func_00205E70	'No Map Available'
0x001E83F0	D_001E83F0	16	3	func_001A04E0,func_201A04E0,func_302A04E0	'CS_WAIT_FOR_CARD'
0x001E8408	D_001E8408	16	3	func_001A04E8,func_201A04E8,func_302A04E8	'CS_PROMPT_FORMAT'
0x001E8420	D_001E8420	17	3	func_001A04EC,func_201A04EC,func_302A04EC	'CS_FORMAT_PENDING'
0x001E8438	D_001E8438	16	3	func_001A04FC,func_201A04FC,func_302A04FC	'CS_CHECKING_SAVE'
0x001E8450	D_001E8450	21	3	func_001A0504,func_201A0504,func_302A0504	'CS_PROMPT_CREATE_SAVE'
0x001E8468	D_001E8468	22	3	func_001A0508,func_201A0508,func_302A0508	'CS_CREATE_SAVE_PENDING'
0x001E8480	D_001E8480	16	3	func_001A050C,func_201A050C,func_302A050C	'CS_CREATING_SAVE'
0x001E8498	D_001E8498	16	3	func_001A0514,func_201A0514,func_302A0514	'CS_FORMAT_FAILED'
0x001E84B0	D_001E84B0	16	3	func_001A0518,func_201A0518,func_302A0518	'CS_CREATE_FAILED'
0x001E84C8	D_001E84C8	27	3	func_001A052C,func_201A052C,func_302A052C	'CS_PROMPT_BEGIN_UNFORMATTED'
0x001E84E8	D_001E84E8	22	3	func_001A0530,func_201A0530,func_302A0530	'CS_PROMPT_BEGIN_NOSAVE'
0x001E8500	D_001E8500	18	1	func_00209CE8	'Out of date save!\n'
0x001E8518	D_001E8518	19	1	func_00209E68	'deleting folder %s\n'
0x001E8690	D_001E8690	34	1	func_0020BAA8	'ERROR: could not init memcard lib\n'
0x001E86F0	D_001E86F0	56	1	func_0020D348	"Tried to create moby and couldn't. Time: %d, oClass: %d\n"
0x001E8730	D_001E8730	34	1	func_0020E2B0	'vu chain overflow - mobys dropped\n'
0x001E8758	D_001E8758	33	0		'TJB - No env sample point found!\n'
0x001E8780	D_001E8780	17	0		'*** frame %d ***\n'
0x001E8798	D_001E8798	43	0		'class: %d\tcount: %d\tcycles: %d\tPercent: %f\n'
0x001E87D0	D_001E87D0	36	0		'Class: %4d UID: %4d Bolts: %3d (%3d)'
0x001E87F8	D_001E87F8	16	0		' Remembered: %3d'
0x001E8890	D_001E8890	62	1	func_00214550	'MB_CheckCollPill: No collision data for this moby... aborting\n'
0x001E88D0	D_001E88D0	45	0		'MB_CheckCollPill - Strange collision type %d\n'
0x001E8980	D_001E8980	35	1	func_00217628	'****Load file failed to start!****\n'
0x001E89F0	D_001E89F0	17	0		'*** frame %d ***\n'
0x001E8A08	D_001E8A08	31	0		'class: %d\tcount: %d\tcycles: %d\n'
0x001E8A28	D_001E8A28	23	0		'tried to draw path -1 \n'
0x001E8A40	D_001E8A40	23	0		'Transition to level %d\n'
0x001E8C00	D_001E8C00	23	1	func_00229C08	'shrub texture overflow\n'
0x001E8CB8	D_001E8CB8	27	1	func_00233308	'unloaded sound bank %#010x\n'
0x001E8CE0	D_001E8CE0	23	1	func_002344D8	'tfrag texture overflow\n'
0x001E8CF8	D_001E8CF8	19	1	func_002349B8	'vu1 chain overflow\n'
0x001E8D10	D_001E8D10	36	1	func_00234AC8	'vu1 syncChain sit-and-spin timeout.\n'
0x001E8D38	D_001E8D38	21	1	func_00235218	'DMAC(15) - Bus Error\n'
0x001E8D50	D_001E8D50	21	1	func_00235218	'D1_CHCR=%X\nD1_TADR=%X'
0x001E8D68	D_001E8D68	22	1	func_00235218	"Why doesn't this work?"
0x001E8D80	D_001E8D80	21	1	func_00236958	'tie texture overflow\n'
0x001E8DA0	D_001E8DA0	20	1	func_002391A8	'                  %s'
0x001E8E20	D_001E8E20	17	1	func_0023BB90	"Can't Open movie\n"
0x001E8E38	D_001E8E38	20	1	func_0023C9C0	'pts buffer overflow\n'
0x001E8E50	D_001E8E50	19	1	func_0023D340	'DMA ADD not active\n'
0x001E8E68	D_001E8E68	23	1	func_0023E298	'decode thread: aborted\n'
0x001E8E80	D_001E8E80	32	1	func_0023E298	'sceMpegGetPicture() decode error'
0x2012FCE0	D_2012FCE0	16	0		'PsIIlibkernl2540'
0x201313C0	D_201313C0	16	0		'PsIIlibcdvd 2530'
0x20132EB0	D_20132EB0	32	0		'PsIIlibdbc  2500PsIIlibpad2 2500'
0x2013D2D0	D_2013D2D0	20	0		'/BA****-*****RATCHET'
0x2013D2E8	D_2013D2E8	22	0		'/************RATCHET/*'
0x2013D300	D_2013D300	29	0		'/************RATCHET/icon.sys'
0x2013D320	D_2013D320	31	0		'/************RATCHET/static.ico'
0x2013D340	D_2013D340	40	0		'/************RATCHET/************RATCHET'
0x2013D370	D_2013D370	31	0		'/************RATCHET/save%d.bin'
0x20152410	D_20152410	8	0		'Infinity'
0x201525DF	D_201525DF	36	0		'\n                0000000000000000Inf'
0x20152610	D_20152610	16	0		'0123456789abcdef'
0x20152630	D_20152630	16	0		'0123456789ABCDEF'
0x20152648	D_20152648	25	0		'bug in vfprintf: bad base'
0x201527E8	D_201527E8	33	0		'## internel error in libkernl.a!\n'
0x20152810	D_20152810	36	0		'TTY: packet size larger than expect\n'
0x20152838	D_20152838	18	0		'TTY: receive error'
0x20152850	D_20152850	17	0		'TTY: send err %d\n'
0x20152868	D_20152868	23	0		'TTY: err ti->wlen=%08x\n'
0x20152A70	D_20152A70	24	0		"too long parameter '%s'\n"
0x20152A90	D_20152A90	54	0		'# TLB spad=0 kernel=1:%d default=%d:%d extended=%d:%d\n'
0x20152AC8	D_20152AC8	19	0		'# TLB over flow (1)'
0x20152AE0	D_20152AE0	19	0		'# TLB over flow (2)'
0x20152AF8	D_20152AF8	19	0		'# TLB over flow (3)'
0x20152F18	D_20152F18	36	0		'sceCdCbfunc= %d sceCdCbfunc_num= %d\n'
0x20152F40	D_20152F40	30	0		'Libcdvd bind err CdSearchFile\n'
0x20152F60	D_20152F60	22	0		'ee call cmd search %s\n'
0x20152F78	D_20152F78	15	0		'search name %s\n'
0x20152F88	D_20152F88	15	0		'search size %d\n'
0x20152F98	D_20152F98	18	0		'search loc lbn %d\n'
0x20152FB0	D_20152FB0	38	0		'Ncmd fail sema cur_cmd:%d keep_cmd:%d\n'
0x20152FD8	D_20152FD8	23	0		'Libcdvd bind err N CMD\n'
0x20152FF0	D_20152FF0	11	0		'N cmd wait\n'
0x20153000	D_20153000	11	0		'S cmd wait\n'
0x20153010	D_20153010	38	0		'Scmd fail sema cur_cmd:%d keep_cmd:%d\n'
0x20153038	D_20153038	23	0		'Libcdvd bind err S cmd\n'
0x20153050	D_20153050	31	0		'Libcdvd bind err %d CD_Init %d\n'
0x20153070	D_20153070	13	0		'Libcdvd Exit\n'
0x20153080	D_20153080	12	0		'DiskReady 0\n'
0x20153090	D_20153090	29	0		'Libcdvd bind err CdDiskReady\n'
0x201530B0	D_201530B0	16	0		'DiskReady ended\n'
0x201530C8	D_201530C8	16	0		'call cdread cmd\n'
0x201530E0	D_201530E0	11	0		'cdread end\n'
0x201530F0	D_201530F0	26	0		'Libcdvd call Clock read 1\n'
0x20153110	D_20153110	26	0		'Libcdvd call Clock read 2\n'
0x20153140	D_20153140	51	0		'sceGsDefDispEnv:Not support displaymode for 0x%x!!\n'
0x20153178	D_20153178	46	0		'sceGsPutDrawEnv: DMA Ch.2 does not terminate\r\n'
0x201531B0	D_201531B0	36	0		'sceGsSetDefLoadImage: too big size\r\n'
0x201532D0	D_201532D0	49	0		'sceGsExecLoadImage: DMA Ch.2 does not terminate\r\n'
0x20153310	D_20153310	50	0		'sceGsExecStoreImage: DMA Ch.1 does not terminate\r\n'
0x20153348	D_20153348	44	0		'sceGsExecStoreImage: GS does not terminate\r\n'
0x20153378	D_20153378	60	0		'sceGsExecStoreImage: DMA Ch.1 (GS->MEM) does not terminate\r\n'
0x201533B8	D_201533B8	53	0		'sceGsExecStoreImage: Enough data does not reach VIF1\n'
0x201534E0	D_201534E0	21	0		'libdma: sync timeout\n'
0x20153550	D_20153550	18	0		'bind error libmc \n'
0x20153568	D_20153568	37	0		'libmc: too old release of mcserv.irx\n'
0x20153590	D_20153590	36	0		'libmc: too old release of mcman.irx\n'
0x201535B8	D_201535B8	30	0		'sceMcUdCheckNewCard RPC faild\n'
0x201535D8	D_201535D8	20	0		'libdbc: bind failed\n'
0x201535F0	D_201535F0	32	0		'libdbc: Module version mismatch '
0x20153618	D_20153618	39	0		'[libdbc.a = %d.%d, dbcman.irx = %d.%d]\n'
0x20153640	D_20153640	16	0		'SifDmaAddr %08x\n'
0x20153658	D_20153658	29	0		'sceDbcSetWorkAddr: rpc error\n'
0x20153678	D_20153678	30	0		'sceDbcCreateSocket: rpc error\n'
0x20153698	D_20153698	30	0		'sceDbcDeleteSocket: rpc error\n'
0x201536B8	D_201536B8	30	0		'sceDbcGetDepNumber: rpc error\n'
0x201536D8	D_201536D8	28	0		'sceDbcInitSocket: rpc error\n'
0x201536F8	D_201536F8	29	0		'sceDbcResetSocket: rpc error\n'
0x20153718	D_20153718	33	0		'sceDbcGetDeviceStatus: rpc error\n'
0x20153740	D_20153740	24	0		'sceDbcSRData: rpc error\n'
0x20153760	D_20153760	26	0		'sceDbcSendData: rpc error\n'
0x20153780	D_20153780	27	0		'sceDbcSendData2: rpc error\n'
0x201537A0	D_201537A0	29	0		'sceDbcReceiveData: rpc error\n'
0x201537C0	D_201537C0	5	0		'ERROR'
0x201537D0	D_201537D0	6	0		'STABLE'
0x201537D8	D_201537D8	6	0		'NOLINK'
0x201537E8	D_201537E8	34	0		'Invalid modion type -- ignored(%d)'
0x20153810	D_20153810	29	0		'(a) invalid motion_type(%d)-0'
0x20153830	D_20153830	29	0		'(b) invalid motion_type(%d)-1'
0x20153850	D_20153850	29	0		'(c) invalid motion_type(%d)-2'
0x20153870	D_20153870	16	0		'intra && skip MB'
0x20153888	D_20153888	25	0		'Error code detected(BDEC)'
0x201538A8	D_201538A8	49	0		'Invalid macroblock_address_increment code(0x%08x)'
0x201538E0	D_201538E0	28	0		'= Skip to the next picture ='
0x20153900	D_20153900	37	0		'slice_start_code(0x%08x) out of range'
0x20153928	D_20153928	25	0		'_sliceA0(): error happens'
0x20153948	D_20153948	31	0		'Too many macroblocks in picture'
0x20153968	D_20153968	44	0		'skiped macroblock in I picure is not allowed'
0x20153998	D_20153998	31	0		'Invalid macroblock_type code: 0'
0x201539E8	D_201539E8	39	0		'load_chroma_intra_quantizer_matrix == 1'
0x20153A10	D_20153A10	43	0		'load_chroma_non_intra_quantizer_matrix == 1'
0x20153A40	D_20153A40	28	0		'odd number of field pictures'
0x20153A60	D_20153A60	26	0		'unknown picture sutructure'
0x20153A80	D_20153A80	40	0		'Too small buffer size for %dx%d picture\n'
0x20153AB0	D_20153AB0	18	0		'CSC handler error\n'
0x20153AD1	D_20153AD1	52	0		"( 0 0(8pack_header_field_flag needs to be '0' in PS\n"
0x20153B10	D_20153B10	34	0		'The size of work area is too small'
0x20153B38	D_20153B38	27	0		'work area size is too small'
0x20153B58	D_20153B58	59	0		'image buffer needs to be aligned to 64byte boundary(0x%08x)'
0x20153BB8	D_20153BB8	27	0		'the second field is missing'
0x20153BD8	D_20153BD8	15	0		'[MPEG ERROR]%s\n'
0x20153BE8	D_20153BE8	20	0		'vertical size > 2800'
0x20153C00	D_20153C00	33	0		'_chroma_format needs to be 1: 420'
0x20153C28	D_20153C28	25	0		'Unsupported profile/level'
0x20153C48	D_20153C48	47	0		'_sequenceScalableExtension() is not implemented'
0x20153C78	D_20153C78	17	0		'Unknown Extension'
0x20153C90	D_20153C90	49	0		'_pictureSpatialScalableExtension is not supported'
0x20153CC8	D_20153CC8	50	0		'_pictureTemporalScalableExtension is not supported'
0x20153D10	D_20153D10	23	0		"Can't open rom0:ROMVER\n"
0x20153D28	D_20153D28	21	0		"Can't read rom error\n"
0x20153D50	D_20153D50	39	0		'error: sceSifBindRpc in %s, at line %d\n'
0x20153D78	D_20153D78	29	0		'/usr/local/989snd/ee/989snd.c'
0x20153D98	D_20153D98	81	0		"989snd.c: Sif says RPC isn't busy, but we still don't have returns from the IOP!\n"
0x20153DF0	D_20153DF0	40	0		'snd_BankLoad: Load already in progress!\n'
0x20153E20	D_20153E20	25	0		'989snd.c: RPC collision!\n'
0x20153E40	D_20153E40	50	0		'989snd.c: RPC call has failed inside snd_BankLoad\n'
0x20153E78	D_20153E78	43	0		'snd_BankLoad_CB: Load already in progress!\n'
0x20153EA8	D_20153EA8	45	0		'snd_BankLoadByLoc: Load already in progress!\n'
0x20153ED8	D_20153ED8	28	0		'snd_BankLoadByLoc: CD BUSY!\n'
0x2015F120	D_2015F120	9	0		'%s%d\\%s%s'
0x2015F138	D_2015F138	12	0		'occ_samp.dat'
0x2015F150	D_2015F150	13	0		'-------------'
0x2015F160	D_2015F160	6	0		'UPDATE'
0x2015F170	D_2015F170	8	0		'Ratchett'
0x2015F188	D_2015F188	5	0		'Parts'
0x2015F190	D_2015F190	6	0		'Camera'
0x2015F1B8	D_2015F1B8	7	0		'Control'
0x2015F1C0	D_2015F1C0	7	0		'Profile'
0x2015F1D0	D_2015F1D0	8	0		'Bookmark'
0x2015F1E0	D_2015F1E0	6	0		'Invinc'
0x2015F1E8	D_2015F1E8	8	0		'Drawdist'
0x2015F200	D_2015F200	7	0		'Tv Mode'
0x2015F208	D_2015F208	6	0		'Screen'
0x2015F210	D_2015F210	5	0		'Scene'
0x2015F228	D_2015F228	7	0		'Segment'
0x2015F230	D_2015F230	7	0		'%d = %d'
0x2015F240	D_2015F240	6	0		'Darken'
0x2015F248	D_2015F248	8	0		'Env Coll'
0x2015F258	D_2015F258	9	0		'Moby Coll'
0x2015F268	D_2015F268	9	0		'Hero Coll'
0x2015F278	D_2015F278	8	0		'Bspheres'
0x2015F288	D_2015F288	7	0		'Cameras'
0x2015F290	D_2015F290	7	0		'Cuboids'
0x2015F298	D_2015F298	7	0		'Samples'
0x2015F2B0	D_2015F2B0	10	0		'SuckCannon'
0x2015F2C0	D_2015F2C0	10	0		'Morpha-Ray'
0x2015F2D0	D_2015F2D0	9	0		'Inflato R'
0x2015F2F0	D_2015F2F0	9	0		'D. Droids'
0x2015F308	D_2015F308	10	0		'Devastator'
0x2015F318	D_2015F318	8	0		'Visibomb'
0x2015F328	D_2015F328	6	0		'Agents'
0x2015F330	D_2015F330	9	0		'Pyrocitor'
0x2015F340	D_2015F340	10	0		'Tesla Claw'
0x2015F350	D_2015F350	10	0		'Mine Glove'
0x2015F360	D_2015F360	7	0		'Blaster'
0x2015F368	D_2015F368	5	0		'Bolts'
0x2015F380	D_2015F380	7	0		'NearDst'
0x2015F390	D_2015F390	7	0		'NearInt'
0x2015F398	D_2015F398	6	0		'FarDst'
0x2015F3A0	D_2015F3A0	6	0		'FarInt'
0x2015F3A8	D_2015F3A8	7	0		'Color_R'
0x2015F3B0	D_2015F3B0	7	0		'Color_G'
0x2015F3B8	D_2015F3B8	7	0		'Color_B'
0x2015F3C8	D_2015F3C8	9	0		'BattleCam'
0x2015F3D8	D_2015F3D8	8	0		'Actuator'
0x2015F3E8	D_2015F3E8	9	0		'AddSample'
0x2015F3F8	D_2015F3F8	8	0		'AddStart'
0x2015F410	D_2015F410	7	0		'  music'
0x2015F418	D_2015F418	7	0		' dialog'
0x2015F420	D_2015F420	7	0		'ambient'
0x2015F428	D_2015F428	7	0		'  shell'
0x2015F480	D_2015F480	12	0		'render setup'
0x2015F490	D_2015F490	8	0		'sky draw'
0x2015F4A0	D_2015F4A0	11	0		'pre effects'
0x2015F4B0	D_2015F4B0	10	0		'vu effects'
0x2015F4C0	D_2015F4C0	12	0		'moby effects'
0x2015F4D0	D_2015F4D0	9	0		'part draw'
0x2015F4E0	D_2015F4E0	12	0		'post effects'
0x2015F4F0	D_2015F4F0	7	0		'aa blur'
0x2015F500	D_2015F500	15	0		'screen overlays'
0x2015F518	D_2015F518	15	0		'tie patch-light'
0x2015F528	D_2015F528	10	0		'moby patch'
0x2015F660	D_2015F660	5	0		'%s %s'
0x2015F7E8	D_2015F7E8	6	0		'%s: %d'
0x2015F940	D_2015F940	10	0		'%s + %d %s'
0x2015FB40	D_2015FB40	13	0		'Rebooted IOP\n'
0x2015FC70	D_2015FC70	11	0		'loaders.cpp'
0x2015FC80	D_2015FC80	10	0		'hud bank 0'
0x2015FC90	D_2015FC90	10	0		'hud bank 2'
0x2015FCA0	D_2015FCA0	10	0		'hud bank 3'
0x2015FCB0	D_2015FCB0	10	0		'hud bank 4'
0x2015FCF0	D_2015FCF0	11	0		'map level 0'
0x2015FD00	D_2015FD00	11	0		'map level 1'
0x2015FD10	D_2015FD10	11	0		'map level 2'
0x2015FD20	D_2015FD20	11	0		'map level 3'
0x2015FD30	D_2015FD30	11	0		'map level 4'
0x2015FD40	D_2015FD40	11	0		'map level 5'
0x2015FD50	D_2015FD50	11	0		'map level 6'
0x2015FD60	D_2015FD60	11	0		'map level 7'
0x2015FD70	D_2015FD70	11	0		'map level 8'
0x2015FD80	D_2015FD80	11	0		'map level 9'
0x2015FD90	D_2015FD90	12	0		'map level 10'
0x2015FDA0	D_2015FDA0	12	0		'map level 11'
0x2015FDB0	D_2015FDB0	12	0		'map level 12'
0x2015FDC0	D_2015FDC0	12	0		'map level 13'
0x2015FDD0	D_2015FDD0	12	0		'map level 14'
0x2015FDE0	D_2015FDE0	12	0		'map level 15'
0x2015FDF0	D_2015FDF0	12	0		'map level 16'
0x2015FE00	D_2015FE00	12	0		'map level 17'
0x2015FE10	D_2015FE10	12	0		'map level 18'
0x2015FE68	D_2015FE68	5	0		'error'
0x2015FE78	D_2015FE78	7	0		'CS_INIT'
0x2015FE80	D_2015FE80	12	0		'CS_GOOD_SAVE'
0x2015FE90	D_2015FE90	10	0		'CS_WARNING'
0x2015FEA0	D_2015FEA0	9	0		'CS_NOCARD'
0x2015FEB0	D_2015FEB0	14	0		'CS_UNFORMATTED'
0x2015FEC0	D_2015FEC0	13	0		'CS_FORMATTING'
0x2015FED0	D_2015FED0	12	0		'CS_FORMATTED'
0x2015FEE0	D_2015FEE0	13	0		'CS_CHECK_SAVE'
0x2015FEF0	D_2015FEF0	9	0		'CS_NOSAVE'
0x2015FF00	D_2015FF00	10	0		'CS_NEWCARD'
0x2015FF10	D_2015FF10	10	0		'CS_NO_ROOM'
0x2015FF20	D_2015FF20	14	0		'CS_LOAD_FAILED'
0x2015FF30	D_2015FF30	14	0		'CS_SAVE_FAILED'
0x2015FF40	D_2015FF40	9	0		'CS_SAVING'
0x2015FF70	D_2015FF70	12	0		'deleting %s\n'
0x2015FFC0	D_2015FFC0	11	0		'moby shadow'
0x2015FFD0	D_2015FFD0	9	0		'moby texs'
0x2015FFE0	D_2015FFE0	9	0		'moby draw'
0x2015FFF0	D_2015FFF0	9	0		'moby skin'
0x201600E8	D_201600E8	9	0		' Scale: 5'
0x201600F8	D_201600F8	10	0		' Scale: %d'
0x20160108	D_20160108	11	0		' Scale: %4f'
0x20160310	D_20160310	9	0		'misc anim'
0x20160370	D_20160370	7	0		'default'
0x20160380	D_20160380	5	0		'%s %s'
0x201603A7	D_201603A7	12	0		'?%s %d %s %d'
0x201603E8	D_201603E8	7	0		'(error)'
0x201604B0	D_201604B0	10	0		'shrub texs'
0x201604C0	D_201604C0	10	0		'shrub draw'
0x20160550	D_20160550	8	0		'sky texs'
0x201606D0	D_201606D0	13	0		'\\DEMOLOGO.NTS'
0x201606E0	D_201606E0	13	0		'\\INFOBOT2.PSS'
0x201606F0	D_201606F0	13	0		'\\INFOBOT3.PSS'
0x20160700	D_20160700	13	0		'\\INFOBOT4.PSS'
0x20160710	D_20160710	15	0		'\\REPORTER.PSS;1'
0x20160C60	D_20160C60	6	0		'normal'
0x20160C68	D_20160C68	6	0		'camera'
0x20160C78	D_20160C78	6	0		'volume'
0x20160C98	D_20160C98	6	0		'render'
0x20160CC8	D_20160CC8	6	0		'sphere'
0x20160CF8	D_20160CF8	5	0		'sound'
0x20160D28	D_20160D28	5	0		'small'
0x20160D38	D_20160D38	6	0		'freeze'
0x20160D40	D_20160D40	6	0		'active'
0x20160D80	D_20160D80	12	0		'render setup'
0x20160D90	D_20160D90	8	0		'sky texs'
0x20160DA0	D_20160DA0	8	0		'sky draw'
0x20160DB0	D_20160DB0	10	0		'tfrag texs'
0x20160DC0	D_20160DC0	10	0		'tfrag draw'
0x20160DD0	D_20160DD0	8	0		'tie texs'
0x20160DE0	D_20160DE0	8	0		'tie draw'
0x20160DF0	D_20160DF0	10	0		'shrub texs'
0x20160E00	D_20160E00	10	0		'shrub draw'
0x20160E10	D_20160E10	9	0		'moby texs'
0x20160E20	D_20160E20	9	0		'moby draw'
0x20160E30	D_20160E30	12	0		'effects texs'
0x20160E40	D_20160E40	10	0		'vu effects'
0x20160E50	D_20160E50	12	0		'moby effects'
0x20160E60	D_20160E60	9	0		'part draw'
0x20160E70	D_20160E70	12	0		'post effects'
0x20160E88	D_20160E88	15	0		'screen overlays'
0x20160E98	D_20160E98	7	0		'aa blur'
0x20160EA0	D_20160EA0	10	0		'debug text'
0x20160EB8	D_20160EB8	5	0		'black'
0x20160EC8	D_20160EC8	5	0		'white'
0x20160F70	D_20160F70	10	0		'tfrag texs'
0x20160F80	D_20160F80	10	0		'tfrag draw'
0x20160FE8	D_20160FE8	12	0		'%x %x %x %x\n'
0x20199A68	D_20199A68	36	0		'Paradox: This message does not exist'
0x201E7960	D_201E7960	27	0		'cdrom0:\\CODE\\I5\\PARAM.TXT;1'
0x201E7980	D_201E7980	25	0		'Could not load params %s\n'
0x201E79A0	D_201E79A0	27	0		'unloaded sound bank %#010x\n'
0x201E79C0	D_201E79C0	22	0		'loading sound bank...\n'
0x201E79D8	D_201E79D8	79	0		'!!!! Too many directional lights !!!! - Lighting will look bogus as a penalty.\n'
0x201E7A50	D_201E7A50	57	0		'Camera_CollPrimTest WARNING! - grid out of bounds! (RAR)\n'
0x201E7A90	D_201E7A90	42	0		'assertion "%s" failed: file "%s", line %d\n'
0x201E7AD8	D_201E7AD8	25	0		'cdrom0:\\DATA\\LEVELS\\LEVEL'
0x201E7AF8	D_201E7AF8	21	0		'occ_sample_deltas.dat'
0x201E7B10	D_201E7B10	27	0		'add_sample: %.2f %.2f %.2f\n'
0x201E7B30	D_201E7B30	25	0		'start_pt: %.2f %.2f %.2f\n'
0x201E7BA0	D_201E7BA0	17	0		'tfrag patch-light'
0x201E7BB8	D_201E7BB8	17	0		'shrub patch-light'
0x201E7DC0	D_201E7DC0	16	0		'%s: %d:%02d:%02d'
0x201E7DD8	D_201E7DD8	18	0		'(Message too long)'
0x201E7DF0	D_201E7DF0	18	0		'%s + %s + %d Flips'
0x201E7E28	D_201E7E28	19	0		'loaded irx modules\n'
0x201E7E40	D_201E7E40	24	0		'Unsupported language %d\n'
0x201E7E80	D_201E7E80	30	0		'screwed up point light on tie\n'
0x201E7EA0	D_201E7EA0	32	0		'screwed up point light on tfrag\n'
0x201E7EC8	D_201E7EC8	32	0		'screwed up point light on shrub\n'
0x201E7EF0	D_201E7EF0	20	0		'moby %d:      %.1fK\n'
0x201E7F08	D_201E7F08	79	0		'!!!! Too many directional lights !!!! - Lighting will look bogus as a penalty.\n'
0x201E7F58	D_201E7F58	49	0		'***\nocclusion out of date on mobys (%d / %d)\n***\n'
0x201E7F90	D_201E7F90	39	0		'***\nocclusion out of date on tfrag\n***\n'
0x201E7FB8	D_201E7FB8	48	0		'***\nocclusion out of date on ties (%d / %d)\n***\n'
0x201E7FF0	D_201E7FF0	21	0		'***\nno occlusion\n***\n'
0x201E8030	D_201E8030	30	0		'internal level sound mismatch\n'
0x201E8050	D_201E8050	40	0		'internal moby sound mismatch on moby %d\n'
0x201E8080	D_201E8080	21	0		'\n*** MEMORY MAP ***\n\n'
0x201E80B0	D_201E80B0	22	0		'code mem:       %.1fK\n'
0x201E80C8	D_201E80C8	22	0		'dead space:     %.1fK\n'
0x201E80E0	D_201E80E0	22	0		'vu chain bufs:  %.1fK\n'
0x201E8110	D_201E8110	22	0		'gadget buffer:  %.1fK\n'
0x201E8128	D_201E8128	22	0		'tfrag geom:     %.1fK\n'
0x201E8140	D_201E8140	24	0		'tfrag geom:     unknown\n'
0x201E8160	D_201E8160	22	0		'occlusion:      %.1fK\n'
0x201E8190	D_201E8190	22	0		'collision:      %.1fK\n'
0x201E81A8	D_201E81A8	22	0		'shared vram:    %.1fK\n'
0x201E81C0	D_201E81C0	22	0		'particle vram:  %.1fK\n'
0x201E81D8	D_201E81D8	22	0		'effects vram:   %.1fK\n'
0x201E81F0	D_201E81F0	22	0		'mobys:          %.1fK\n'
0x201E8208	D_201E8208	22	0		'ties:           %.1fK\n'
0x201E8220	D_201E8220	22	0		'shrubs:         %.1fK\n'
0x201E8238	D_201E8238	22	0		'ratchett seqs:  %.1fK\n'
0x201E8250	D_201E8250	22	0		'tie insts:      %.1fK\n'
0x201E8268	D_201E8268	22	0		'shrub insts:    %.1fK\n'
0x201E8280	D_201E8280	22	0		'moby insts:     %.1fK\n'
0x201E8298	D_201E8298	22	0		'moby pvars:     %.1fK\n'
0x201E82B0	D_201E82B0	22	0		'paths:          %.1fK\n'
0x201E82C8	D_201E82C8	22	0		'part insts:     %.1fK\n'
0x201E82E0	D_201E82E0	22	0		'end of mem:     %.1fM\n'
0x201E82F8	D_201E82F8	22	0		'estimated mem:  %.1fM\n'
0x201E8310	D_201E8310	50	0		'host0:z:/i5/levels/level%d/npcs/scene_%d/scene.dat'
0x201E8348	D_201E8348	51	0		'host0:z:/i5/levels/level%d/npcs/scene_%d/scenep.dat'
0x201E8380	D_201E8380	17	0		'map art (default)'
0x201E8398	D_201E8398	16	0		'No Map Available'
0x201E83F0	D_201E83F0	16	0		'CS_WAIT_FOR_CARD'
0x201E8408	D_201E8408	16	0		'CS_PROMPT_FORMAT'
0x201E8420	D_201E8420	17	0		'CS_FORMAT_PENDING'
0x201E8438	D_201E8438	16	0		'CS_CHECKING_SAVE'
0x201E8450	D_201E8450	21	0		'CS_PROMPT_CREATE_SAVE'
0x201E8468	D_201E8468	22	0		'CS_CREATE_SAVE_PENDING'
0x201E8480	D_201E8480	16	0		'CS_CREATING_SAVE'
0x201E8498	D_201E8498	16	0		'CS_FORMAT_FAILED'
0x201E84B0	D_201E84B0	16	0		'CS_CREATE_FAILED'
0x201E84C8	D_201E84C8	27	0		'CS_PROMPT_BEGIN_UNFORMATTED'
0x201E84E8	D_201E84E8	22	0		'CS_PROMPT_BEGIN_NOSAVE'
0x201E8500	D_201E8500	18	0		'Out of date save!\n'
0x201E8518	D_201E8518	19	0		'deleting folder %s\n'
0x201E8690	D_201E8690	34	0		'ERROR: could not init memcard lib\n'
0x201E86F0	D_201E86F0	56	0		"Tried to create moby and couldn't. Time: %d, oClass: %d\n"
0x201E8730	D_201E8730	34	0		'vu chain overflow - mobys dropped\n'
0x201E8758	D_201E8758	33	0		'TJB - No env sample point found!\n'
0x201E8780	D_201E8780	17	0		'*** frame %d ***\n'
0x201E8798	D_201E8798	43	0		'class: %d\tcount: %d\tcycles: %d\tPercent: %f\n'
0x201E87D0	D_201E87D0	36	0		'Class: %4d UID: %4d Bolts: %3d (%3d)'
0x201E87F8	D_201E87F8	16	0		' Remembered: %3d'
0x201E8890	D_201E8890	62	0		'MB_CheckCollPill: No collision data for this moby... aborting\n'
0x201E88D0	D_201E88D0	45	0		'MB_CheckCollPill - Strange collision type %d\n'
0x201E8980	D_201E8980	35	0		'****Load file failed to start!****\n'
0x201E89F0	D_201E89F0	17	0		'*** frame %d ***\n'
0x201E8A08	D_201E8A08	31	0		'class: %d\tcount: %d\tcycles: %d\n'
0x201E8A28	D_201E8A28	23	0		'tried to draw path -1 \n'
0x201E8A40	D_201E8A40	23	0		'Transition to level %d\n'
0x201E8C00	D_201E8C00	23	0		'shrub texture overflow\n'
0x201E8CB8	D_201E8CB8	27	0		'unloaded sound bank %#010x\n'
0x201E8CE0	D_201E8CE0	23	0		'tfrag texture overflow\n'
0x201E8CF8	D_201E8CF8	19	0		'vu1 chain overflow\n'
0x201E8D10	D_201E8D10	36	0		'vu1 syncChain sit-and-spin timeout.\n'
0x201E8D38	D_201E8D38	21	0		'DMAC(15) - Bus Error\n'
0x201E8D50	D_201E8D50	21	0		'D1_CHCR=%X\nD1_TADR=%X'
0x201E8D68	D_201E8D68	22	0		"Why doesn't this work?"
0x3022FCE0	D_3022FCE0	16	0		'PsIIlibkernl2540'
0x302313C0	D_302313C0	16	0		'PsIIlibcdvd 2530'
0x30232EB0	D_30232EB0	32	0		'PsIIlibdbc  2500PsIIlibpad2 2500'
0x3023D2D0	D_3023D2D0	20	0		'/BA****-*****RATCHET'
0x3023D2E8	D_3023D2E8	22	0		'/************RATCHET/*'
0x3023D300	D_3023D300	29	0		'/************RATCHET/icon.sys'
0x3023D320	D_3023D320	31	0		'/************RATCHET/static.ico'
0x3023D340	D_3023D340	40	0		'/************RATCHET/************RATCHET'
0x3023D370	D_3023D370	31	0		'/************RATCHET/save%d.bin'
0x30252410	D_30252410	8	0		'Infinity'
0x302525DF	D_302525DF	36	0		'\n                0000000000000000Inf'
0x30252610	D_30252610	16	0		'0123456789abcdef'
0x30252630	D_30252630	16	0		'0123456789ABCDEF'
0x30252648	D_30252648	25	0		'bug in vfprintf: bad base'
0x302527E8	D_302527E8	33	0		'## internel error in libkernl.a!\n'
0x30252810	D_30252810	36	0		'TTY: packet size larger than expect\n'
0x30252838	D_30252838	18	0		'TTY: receive error'
0x30252850	D_30252850	17	0		'TTY: send err %d\n'
0x30252868	D_30252868	23	0		'TTY: err ti->wlen=%08x\n'
0x30252A70	D_30252A70	24	0		"too long parameter '%s'\n"
0x30252A90	D_30252A90	54	0		'# TLB spad=0 kernel=1:%d default=%d:%d extended=%d:%d\n'
0x30252AC8	D_30252AC8	19	0		'# TLB over flow (1)'
0x30252AE0	D_30252AE0	19	0		'# TLB over flow (2)'
0x30252AF8	D_30252AF8	19	0		'# TLB over flow (3)'
0x30252F18	D_30252F18	36	0		'sceCdCbfunc= %d sceCdCbfunc_num= %d\n'
0x30252F40	D_30252F40	30	0		'Libcdvd bind err CdSearchFile\n'
0x30252F60	D_30252F60	22	0		'ee call cmd search %s\n'
0x30252F78	D_30252F78	15	0		'search name %s\n'
0x30252F88	D_30252F88	15	0		'search size %d\n'
0x30252F98	D_30252F98	18	0		'search loc lbn %d\n'
0x30252FB0	D_30252FB0	38	0		'Ncmd fail sema cur_cmd:%d keep_cmd:%d\n'
0x30252FD8	D_30252FD8	23	0		'Libcdvd bind err N CMD\n'
0x30252FF0	D_30252FF0	11	0		'N cmd wait\n'
0x30253000	D_30253000	11	0		'S cmd wait\n'
0x30253010	D_30253010	38	0		'Scmd fail sema cur_cmd:%d keep_cmd:%d\n'
0x30253038	D_30253038	23	0		'Libcdvd bind err S cmd\n'
0x30253050	D_30253050	31	0		'Libcdvd bind err %d CD_Init %d\n'
0x30253070	D_30253070	13	0		'Libcdvd Exit\n'
0x30253080	D_30253080	12	0		'DiskReady 0\n'
0x30253090	D_30253090	29	0		'Libcdvd bind err CdDiskReady\n'
0x302530B0	D_302530B0	16	0		'DiskReady ended\n'
0x302530C8	D_302530C8	16	0		'call cdread cmd\n'
0x302530E0	D_302530E0	11	0		'cdread end\n'
0x302530F0	D_302530F0	26	0		'Libcdvd call Clock read 1\n'
0x30253110	D_30253110	26	0		'Libcdvd call Clock read 2\n'
0x30253140	D_30253140	51	0		'sceGsDefDispEnv:Not support displaymode for 0x%x!!\n'
0x30253178	D_30253178	46	0		'sceGsPutDrawEnv: DMA Ch.2 does not terminate\r\n'
0x302531B0	D_302531B0	36	0		'sceGsSetDefLoadImage: too big size\r\n'
0x302532D0	D_302532D0	49	0		'sceGsExecLoadImage: DMA Ch.2 does not terminate\r\n'
0x30253310	D_30253310	50	0		'sceGsExecStoreImage: DMA Ch.1 does not terminate\r\n'
0x30253348	D_30253348	44	0		'sceGsExecStoreImage: GS does not terminate\r\n'
0x30253378	D_30253378	60	0		'sceGsExecStoreImage: DMA Ch.1 (GS->MEM) does not terminate\r\n'
0x302533B8	D_302533B8	53	0		'sceGsExecStoreImage: Enough data does not reach VIF1\n'
0x302534E0	D_302534E0	21	0		'libdma: sync timeout\n'
0x30253550	D_30253550	18	0		'bind error libmc \n'
0x30253568	D_30253568	37	0		'libmc: too old release of mcserv.irx\n'
0x30253590	D_30253590	36	0		'libmc: too old release of mcman.irx\n'
0x302535B8	D_302535B8	30	0		'sceMcUdCheckNewCard RPC faild\n'
0x302535D8	D_302535D8	20	0		'libdbc: bind failed\n'
0x302535F0	D_302535F0	32	0		'libdbc: Module version mismatch '
0x30253618	D_30253618	39	0		'[libdbc.a = %d.%d, dbcman.irx = %d.%d]\n'
0x30253640	D_30253640	16	0		'SifDmaAddr %08x\n'
0x30253658	D_30253658	29	0		'sceDbcSetWorkAddr: rpc error\n'
0x30253678	D_30253678	30	0		'sceDbcCreateSocket: rpc error\n'
0x30253698	D_30253698	30	0		'sceDbcDeleteSocket: rpc error\n'
0x302536B8	D_302536B8	30	0		'sceDbcGetDepNumber: rpc error\n'
0x302536D8	D_302536D8	28	0		'sceDbcInitSocket: rpc error\n'
0x302536F8	D_302536F8	29	0		'sceDbcResetSocket: rpc error\n'
0x30253718	D_30253718	33	0		'sceDbcGetDeviceStatus: rpc error\n'
0x30253740	D_30253740	24	0		'sceDbcSRData: rpc error\n'
0x30253760	D_30253760	26	0		'sceDbcSendData: rpc error\n'
0x30253780	D_30253780	27	0		'sceDbcSendData2: rpc error\n'
0x302537A0	D_302537A0	29	0		'sceDbcReceiveData: rpc error\n'
0x302537C0	D_302537C0	5	0		'ERROR'
0x302537D0	D_302537D0	6	0		'STABLE'
0x302537D8	D_302537D8	6	0		'NOLINK'
0x302537E8	D_302537E8	34	0		'Invalid modion type -- ignored(%d)'
0x30253810	D_30253810	29	0		'(a) invalid motion_type(%d)-0'
0x30253830	D_30253830	29	0		'(b) invalid motion_type(%d)-1'
0x30253850	D_30253850	29	0		'(c) invalid motion_type(%d)-2'
0x30253870	D_30253870	16	0		'intra && skip MB'
0x30253888	D_30253888	25	0		'Error code detected(BDEC)'
0x302538A8	D_302538A8	49	0		'Invalid macroblock_address_increment code(0x%08x)'
0x302538E0	D_302538E0	28	0		'= Skip to the next picture ='
0x30253900	D_30253900	37	0		'slice_start_code(0x%08x) out of range'
0x30253928	D_30253928	25	0		'_sliceA0(): error happens'
0x30253948	D_30253948	31	0		'Too many macroblocks in picture'
0x30253968	D_30253968	44	0		'skiped macroblock in I picure is not allowed'
0x30253998	D_30253998	31	0		'Invalid macroblock_type code: 0'
0x302539E8	D_302539E8	39	0		'load_chroma_intra_quantizer_matrix == 1'
0x30253A10	D_30253A10	43	0		'load_chroma_non_intra_quantizer_matrix == 1'
0x30253A40	D_30253A40	28	0		'odd number of field pictures'
0x30253A60	D_30253A60	26	0		'unknown picture sutructure'
0x30253A80	D_30253A80	40	0		'Too small buffer size for %dx%d picture\n'
0x30253AB0	D_30253AB0	18	0		'CSC handler error\n'
0x30253AD1	D_30253AD1	52	0		"( 0 0(8pack_header_field_flag needs to be '0' in PS\n"
0x30253B10	D_30253B10	34	0		'The size of work area is too small'
0x30253B38	D_30253B38	27	0		'work area size is too small'
0x30253B58	D_30253B58	59	0		'image buffer needs to be aligned to 64byte boundary(0x%08x)'
0x30253BB8	D_30253BB8	27	0		'the second field is missing'
0x30253BD8	D_30253BD8	15	0		'[MPEG ERROR]%s\n'
0x30253BE8	D_30253BE8	20	0		'vertical size > 2800'
0x30253C00	D_30253C00	33	0		'_chroma_format needs to be 1: 420'
0x30253C28	D_30253C28	25	0		'Unsupported profile/level'
0x30253C48	D_30253C48	47	0		'_sequenceScalableExtension() is not implemented'
0x30253C78	D_30253C78	17	0		'Unknown Extension'
0x30253C90	D_30253C90	49	0		'_pictureSpatialScalableExtension is not supported'
0x30253CC8	D_30253CC8	50	0		'_pictureTemporalScalableExtension is not supported'
0x30253D10	D_30253D10	23	0		"Can't open rom0:ROMVER\n"
0x30253D28	D_30253D28	21	0		"Can't read rom error\n"
0x30253D50	D_30253D50	39	0		'error: sceSifBindRpc in %s, at line %d\n'
0x30253D78	D_30253D78	29	0		'/usr/local/989snd/ee/989snd.c'
0x30253D98	D_30253D98	81	0		"989snd.c: Sif says RPC isn't busy, but we still don't have returns from the IOP!\n"
0x30253DF0	D_30253DF0	40	0		'snd_BankLoad: Load already in progress!\n'
0x30253E20	D_30253E20	25	0		'989snd.c: RPC collision!\n'
0x30253E40	D_30253E40	50	0		'989snd.c: RPC call has failed inside snd_BankLoad\n'
0x30253E78	D_30253E78	43	0		'snd_BankLoad_CB: Load already in progress!\n'
0x30253EA8	D_30253EA8	45	0		'snd_BankLoadByLoc: Load already in progress!\n'
0x30253ED8	D_30253ED8	28	0		'snd_BankLoadByLoc: CD BUSY!\n'
0x3025F120	D_3025F120	9	0		'%s%d\\%s%s'
0x3025F138	D_3025F138	12	0		'occ_samp.dat'
0x3025F150	D_3025F150	13	0		'-------------'
0x3025F160	D_3025F160	6	0		'UPDATE'
0x3025F170	D_3025F170	8	0		'Ratchett'
0x3025F188	D_3025F188	5	0		'Parts'
0x3025F190	D_3025F190	6	0		'Camera'
0x3025F1B8	D_3025F1B8	7	0		'Control'
0x3025F1C0	D_3025F1C0	7	0		'Profile'
0x3025F1D0	D_3025F1D0	8	0		'Bookmark'
0x3025F1E0	D_3025F1E0	6	0		'Invinc'
0x3025F1E8	D_3025F1E8	8	0		'Drawdist'
0x3025F200	D_3025F200	7	0		'Tv Mode'
0x3025F208	D_3025F208	6	0		'Screen'
0x3025F210	D_3025F210	5	0		'Scene'
0x3025F228	D_3025F228	7	0		'Segment'
0x3025F230	D_3025F230	7	0		'%d = %d'
0x3025F240	D_3025F240	6	0		'Darken'
0x3025F248	D_3025F248	8	0		'Env Coll'
0x3025F258	D_3025F258	9	0		'Moby Coll'
0x3025F268	D_3025F268	9	0		'Hero Coll'
0x3025F278	D_3025F278	8	0		'Bspheres'
0x3025F288	D_3025F288	7	0		'Cameras'
0x3025F290	D_3025F290	7	0		'Cuboids'
0x3025F298	D_3025F298	7	0		'Samples'
0x3025F2B0	D_3025F2B0	10	0		'SuckCannon'
0x3025F2C0	D_3025F2C0	10	0		'Morpha-Ray'
0x3025F2D0	D_3025F2D0	9	0		'Inflato R'
0x3025F2F0	D_3025F2F0	9	0		'D. Droids'
0x3025F308	D_3025F308	10	0		'Devastator'
0x3025F318	D_3025F318	8	0		'Visibomb'
0x3025F328	D_3025F328	6	0		'Agents'
0x3025F330	D_3025F330	9	0		'Pyrocitor'
0x3025F340	D_3025F340	10	0		'Tesla Claw'
0x3025F350	D_3025F350	10	0		'Mine Glove'
0x3025F360	D_3025F360	7	0		'Blaster'
0x3025F368	D_3025F368	5	0		'Bolts'
0x3025F380	D_3025F380	7	0		'NearDst'
0x3025F390	D_3025F390	7	0		'NearInt'
0x3025F398	D_3025F398	6	0		'FarDst'
0x3025F3A0	D_3025F3A0	6	0		'FarInt'
0x3025F3A8	D_3025F3A8	7	0		'Color_R'
0x3025F3B0	D_3025F3B0	7	0		'Color_G'
0x3025F3B8	D_3025F3B8	7	0		'Color_B'
0x3025F3C8	D_3025F3C8	9	0		'BattleCam'
0x3025F3D8	D_3025F3D8	8	0		'Actuator'
0x3025F3E8	D_3025F3E8	9	0		'AddSample'
0x3025F3F8	D_3025F3F8	8	0		'AddStart'
0x3025F410	D_3025F410	7	0		'  music'
0x3025F418	D_3025F418	7	0		' dialog'
0x3025F420	D_3025F420	7	0		'ambient'
0x3025F428	D_3025F428	7	0		'  shell'
0x3025F480	D_3025F480	12	0		'render setup'
0x3025F490	D_3025F490	8	0		'sky draw'
0x3025F4A0	D_3025F4A0	11	0		'pre effects'
0x3025F4B0	D_3025F4B0	10	0		'vu effects'
0x3025F4C0	D_3025F4C0	12	0		'moby effects'
0x3025F4D0	D_3025F4D0	9	0		'part draw'
0x3025F4E0	D_3025F4E0	12	0		'post effects'
0x3025F4F0	D_3025F4F0	7	0		'aa blur'
0x3025F500	D_3025F500	15	0		'screen overlays'
0x3025F518	D_3025F518	15	0		'tie patch-light'
0x3025F528	D_3025F528	10	0		'moby patch'
0x3025F660	D_3025F660	5	0		'%s %s'
0x3025F7E8	D_3025F7E8	6	0		'%s: %d'
0x3025F940	D_3025F940	10	0		'%s + %d %s'
0x3025FB40	D_3025FB40	13	0		'Rebooted IOP\n'
0x3025FC70	D_3025FC70	11	0		'loaders.cpp'
0x3025FC80	D_3025FC80	10	0		'hud bank 0'
0x3025FC90	D_3025FC90	10	0		'hud bank 2'
0x3025FCA0	D_3025FCA0	10	0		'hud bank 3'
0x3025FCB0	D_3025FCB0	10	0		'hud bank 4'
0x3025FCF0	D_3025FCF0	11	0		'map level 0'
0x3025FD00	D_3025FD00	11	0		'map level 1'
0x3025FD10	D_3025FD10	11	0		'map level 2'
0x3025FD20	D_3025FD20	11	0		'map level 3'
0x3025FD30	D_3025FD30	11	0		'map level 4'
0x3025FD40	D_3025FD40	11	0		'map level 5'
0x3025FD50	D_3025FD50	11	0		'map level 6'
0x3025FD60	D_3025FD60	11	0		'map level 7'
0x3025FD70	D_3025FD70	11	0		'map level 8'
0x3025FD80	D_3025FD80	11	0		'map level 9'
0x3025FD90	D_3025FD90	12	0		'map level 10'
0x3025FDA0	D_3025FDA0	12	0		'map level 11'
0x3025FDB0	D_3025FDB0	12	0		'map level 12'
0x3025FDC0	D_3025FDC0	12	0		'map level 13'
0x3025FDD0	D_3025FDD0	12	0		'map level 14'
0x3025FDE0	D_3025FDE0	12	0		'map level 15'
0x3025FDF0	D_3025FDF0	12	0		'map level 16'
0x3025FE00	D_3025FE00	12	0		'map level 17'
0x3025FE10	D_3025FE10	12	0		'map level 18'
0x3025FE68	D_3025FE68	5	0		'error'
0x3025FE78	D_3025FE78	7	0		'CS_INIT'
0x3025FE80	D_3025FE80	12	0		'CS_GOOD_SAVE'
0x3025FE90	D_3025FE90	10	0		'CS_WARNING'
0x3025FEA0	D_3025FEA0	9	0		'CS_NOCARD'
0x3025FEB0	D_3025FEB0	14	0		'CS_UNFORMATTED'
0x3025FEC0	D_3025FEC0	13	0		'CS_FORMATTING'
0x3025FED0	D_3025FED0	12	0		'CS_FORMATTED'
0x3025FEE0	D_3025FEE0	13	0		'CS_CHECK_SAVE'
0x3025FEF0	D_3025FEF0	9	0		'CS_NOSAVE'
0x3025FF00	D_3025FF00	10	0		'CS_NEWCARD'
0x3025FF10	D_3025FF10	10	0		'CS_NO_ROOM'
0x3025FF20	D_3025FF20	14	0		'CS_LOAD_FAILED'
0x3025FF30	D_3025FF30	14	0		'CS_SAVE_FAILED'
0x3025FF40	D_3025FF40	9	0		'CS_SAVING'
0x3025FF70	D_3025FF70	12	0		'deleting %s\n'
0x3025FFC0	D_3025FFC0	11	0		'moby shadow'
0x3025FFD0	D_3025FFD0	9	0		'moby texs'
0x3025FFE0	D_3025FFE0	9	0		'moby draw'
0x3025FFF0	D_3025FFF0	9	0		'moby skin'
0x302600E8	D_302600E8	9	0		' Scale: 5'
0x302600F8	D_302600F8	10	0		' Scale: %d'
0x30260108	D_30260108	11	0		' Scale: %4f'
0x30260310	D_30260310	9	0		'misc anim'
0x30260370	D_30260370	7	0		'default'
0x30260380	D_30260380	5	0		'%s %s'
0x302603A7	D_302603A7	12	0		'?%s %d %s %d'
0x302603E8	D_302603E8	7	0		'(error)'
0x302604B0	D_302604B0	10	0		'shrub texs'
0x302604C0	D_302604C0	10	0		'shrub draw'
0x30260550	D_30260550	8	0		'sky texs'
0x302606D0	D_302606D0	13	0		'\\DEMOLOGO.NTS'
0x302606E0	D_302606E0	13	0		'\\INFOBOT2.PSS'
0x302606F0	D_302606F0	13	0		'\\INFOBOT3.PSS'
0x30260700	D_30260700	13	0		'\\INFOBOT4.PSS'
0x30260710	D_30260710	15	0		'\\REPORTER.PSS;1'
0x30260C60	D_30260C60	6	0		'normal'
0x30260C68	D_30260C68	6	0		'camera'
0x30260C78	D_30260C78	6	0		'volume'
0x30260C98	D_30260C98	6	0		'render'
0x30260CC8	D_30260CC8	6	0		'sphere'
0x30260CF8	D_30260CF8	5	0		'sound'
0x30260D28	D_30260D28	5	0		'small'
0x30260D38	D_30260D38	6	0		'freeze'
0x30260D40	D_30260D40	6	0		'active'
0x30260D80	D_30260D80	12	0		'render setup'
0x30260D90	D_30260D90	8	0		'sky texs'
0x30260DA0	D_30260DA0	8	0		'sky draw'
0x30260DB0	D_30260DB0	10	0		'tfrag texs'
0x30260DC0	D_30260DC0	10	0		'tfrag draw'
0x30260DD0	D_30260DD0	8	0		'tie texs'
0x30260DE0	D_30260DE0	8	0		'tie draw'
0x30260DF0	D_30260DF0	10	0		'shrub texs'
0x30260E00	D_30260E00	10	0		'shrub draw'
0x30260E10	D_30260E10	9	0		'moby texs'
0x30260E20	D_30260E20	9	0		'moby draw'
0x30260E30	D_30260E30	12	0		'effects texs'
0x30260E40	D_30260E40	10	0		'vu effects'
0x30260E50	D_30260E50	12	0		'moby effects'
0x30260E60	D_30260E60	9	0		'part draw'
0x30260E70	D_30260E70	12	0		'post effects'
0x30260E88	D_30260E88	15	0		'screen overlays'
0x30260E98	D_30260E98	7	0		'aa blur'
0x30260EA0	D_30260EA0	10	0		'debug text'
0x30260EB8	D_30260EB8	5	0		'black'
0x30260EC8	D_30260EC8	5	0		'white'
0x30260F70	D_30260F70	10	0		'tfrag texs'
0x30260F80	D_30260F80	10	0		'tfrag draw'
0x30260FE8	D_30260FE8	12	0		'%x %x %x %x\n'
0x30299A68	D_30299A68	36	0		'Paradox: This message does not exist'
0x302E7960	D_302E7960	27	0		'cdrom0:\\CODE\\I5\\PARAM.TXT;1'
0x302E7980	D_302E7980	25	0		'Could not load params %s\n'
0x302E79A0	D_302E79A0	27	0		'unloaded sound bank %#010x\n'
0x302E79C0	D_302E79C0	22	0		'loading sound bank...\n'
0x302E79D8	D_302E79D8	79	0		'!!!! Too many directional lights !!!! - Lighting will look bogus as a penalty.\n'
0x302E7A50	D_302E7A50	57	0		'Camera_CollPrimTest WARNING! - grid out of bounds! (RAR)\n'
0x302E7A90	D_302E7A90	42	0		'assertion "%s" failed: file "%s", line %d\n'
0x302E7AD8	D_302E7AD8	25	0		'cdrom0:\\DATA\\LEVELS\\LEVEL'
0x302E7AF8	D_302E7AF8	21	0		'occ_sample_deltas.dat'
0x302E7B10	D_302E7B10	27	0		'add_sample: %.2f %.2f %.2f\n'
0x302E7B30	D_302E7B30	25	0		'start_pt: %.2f %.2f %.2f\n'
0x302E7BA0	D_302E7BA0	17	0		'tfrag patch-light'
0x302E7BB8	D_302E7BB8	17	0		'shrub patch-light'
0x302E7DC0	D_302E7DC0	16	0		'%s: %d:%02d:%02d'
0x302E7DD8	D_302E7DD8	18	0		'(Message too long)'
0x302E7DF0	D_302E7DF0	18	0		'%s + %s + %d Flips'
0x302E7E28	D_302E7E28	19	0		'loaded irx modules\n'
0x302E7E40	D_302E7E40	24	0		'Unsupported language %d\n'
0x302E7E80	D_302E7E80	30	0		'screwed up point light on tie\n'
0x302E7EA0	D_302E7EA0	32	0		'screwed up point light on tfrag\n'
0x302E7EC8	D_302E7EC8	32	0		'screwed up point light on shrub\n'
0x302E7EF0	D_302E7EF0	20	0		'moby %d:      %.1fK\n'
0x302E7F08	D_302E7F08	79	0		'!!!! Too many directional lights !!!! - Lighting will look bogus as a penalty.\n'
0x302E7F58	D_302E7F58	49	0		'***\nocclusion out of date on mobys (%d / %d)\n***\n'
0x302E7F90	D_302E7F90	39	0		'***\nocclusion out of date on tfrag\n***\n'
0x302E7FB8	D_302E7FB8	48	0		'***\nocclusion out of date on ties (%d / %d)\n***\n'
0x302E7FF0	D_302E7FF0	21	0		'***\nno occlusion\n***\n'
0x302E8030	D_302E8030	30	0		'internal level sound mismatch\n'
0x302E8050	D_302E8050	40	0		'internal moby sound mismatch on moby %d\n'
0x302E8080	D_302E8080	21	0		'\n*** MEMORY MAP ***\n\n'
0x302E80B0	D_302E80B0	22	0		'code mem:       %.1fK\n'
0x302E80C8	D_302E80C8	22	0		'dead space:     %.1fK\n'
0x302E80E0	D_302E80E0	22	0		'vu chain bufs:  %.1fK\n'
0x302E8110	D_302E8110	22	0		'gadget buffer:  %.1fK\n'
0x302E8128	D_302E8128	22	0		'tfrag geom:     %.1fK\n'
0x302E8140	D_302E8140	24	0		'tfrag geom:     unknown\n'
0x302E8160	D_302E8160	22	0		'occlusion:      %.1fK\n'
0x302E8190	D_302E8190	22	0		'collision:      %.1fK\n'
0x302E81A8	D_302E81A8	22	0		'shared vram:    %.1fK\n'
0x302E81C0	D_302E81C0	22	0		'particle vram:  %.1fK\n'
0x302E81D8	D_302E81D8	22	0		'effects vram:   %.1fK\n'
0x302E81F0	D_302E81F0	22	0		'mobys:          %.1fK\n'
0x302E8208	D_302E8208	22	0		'ties:           %.1fK\n'
0x302E8220	D_302E8220	22	0		'shrubs:         %.1fK\n'
0x302E8238	D_302E8238	22	0		'ratchett seqs:  %.1fK\n'
0x302E8250	D_302E8250	22	0		'tie insts:      %.1fK\n'
0x302E8268	D_302E8268	22	0		'shrub insts:    %.1fK\n'
0x302E8280	D_302E8280	22	0		'moby insts:     %.1fK\n'
0x302E8298	D_302E8298	22	0		'moby pvars:     %.1fK\n'
0x302E82B0	D_302E82B0	22	0		'paths:          %.1fK\n'
0x302E82C8	D_302E82C8	22	0		'part insts:     %.1fK\n'
0x302E82E0	D_302E82E0	22	0		'end of mem:     %.1fM\n'
0x302E82F8	D_302E82F8	22	0		'estimated mem:  %.1fM\n'
0x302E8310	D_302E8310	50	0		'host0:z:/i5/levels/level%d/npcs/scene_%d/scene.dat'
0x302E8348	D_302E8348	51	0		'host0:z:/i5/levels/level%d/npcs/scene_%d/scenep.dat'
0x302E8380	D_302E8380	17	0		'map art (default)'
0x302E8398	D_302E8398	16	0		'No Map Available'
0x302E83F0	D_302E83F0	16	0		'CS_WAIT_FOR_CARD'
0x302E8408	D_302E8408	16	0		'CS_PROMPT_FORMAT'
0x302E8420	D_302E8420	17	0		'CS_FORMAT_PENDING'
0x302E8438	D_302E8438	16	0		'CS_CHECKING_SAVE'
0x302E8450	D_302E8450	21	0		'CS_PROMPT_CREATE_SAVE'
0x302E8468	D_302E8468	22	0		'CS_CREATE_SAVE_PENDING'
0x302E8480	D_302E8480	16	0		'CS_CREATING_SAVE'
0x302E8498	D_302E8498	16	0		'CS_FORMAT_FAILED'
0x302E84B0	D_302E84B0	16	0		'CS_CREATE_FAILED'
0x302E84C8	D_302E84C8	27	0		'CS_PROMPT_BEGIN_UNFORMATTED'
0x302E84E8	D_302E84E8	22	0		'CS_PROMPT_BEGIN_NOSAVE'
0x302E8500	D_302E8500	18	0		'Out of date save!\n'
0x302E8518	D_302E8518	19	0		'deleting folder %s\n'
0x302E8690	D_302E8690	34	0		'ERROR: could not init memcard lib\n'
0x302E86F0	D_302E86F0	56	0		"Tried to create moby and couldn't. Time: %d, oClass: %d\n"
0x302E8730	D_302E8730	34	0		'vu chain overflow - mobys dropped\n'
0x302E8758	D_302E8758	33	0		'TJB - No env sample point found!\n'
0x302E8780	D_302E8780	17	0		'*** frame %d ***\n'
0x302E8798	D_302E8798	43	0		'class: %d\tcount: %d\tcycles: %d\tPercent: %f\n'
0x302E87D0	D_302E87D0	36	0		'Class: %4d UID: %4d Bolts: %3d (%3d)'
0x302E87F8	D_302E87F8	16	0		' Remembered: %3d'
0x302E8890	D_302E8890	62	0		'MB_CheckCollPill: No collision data for this moby... aborting\n'
0x302E88D0	D_302E88D0	45	0		'MB_CheckCollPill - Strange collision type %d\n'
0x302E8980	D_302E8980	35	0		'****Load file failed to start!****\n'
0x302E89F0	D_302E89F0	17	0		'*** frame %d ***\n'
0x302E8A08	D_302E8A08	31	0		'class: %d\tcount: %d\tcycles: %d\n'
0x302E8A28	D_302E8A28	23	0		'tried to draw path -1 \n'
0x302E8A40	D_302E8A40	23	0		'Transition to level %d\n'
0x302E8C00	D_302E8C00	23	0		'shrub texture overflow\n'
0x302E8CB8	D_302E8CB8	27	0		'unloaded sound bank %#010x\n'
0x302E8CE0	D_302E8CE0	23	0		'tfrag texture overflow\n'
0x302E8CF8	D_302E8CF8	19	0		'vu1 chain overflow\n'
0x302E8D10	D_302E8D10	36	0		'vu1 syncChain sit-and-spin timeout.\n'
0x302E8D38	D_302E8D38	21	0		'DMAC(15) - Bus Error\n'
0x302E8D50	D_302E8D50	21	0		'D1_CHCR=%X\nD1_TADR=%X'
0x302E8D68	D_302E8D68	22	0		"Why doesn't this work?"
0x00000001	D_00000001	29	0		'.DVP.overlay..0x0.104691.92.0'
0x0000001F	D_0000001F	32	0		'.DVP.overlay..0x800.104691.427.1'
0x00000040	D_00000040	29	0		'.DVP.overlay..0x0.436083.42.0'
0x0000005E	D_0000005E	29	0		'.DVP.overlay..0x0.221571.19.0'
0x0000007C	D_0000007C	28	0		'.DVP.overlay..0x0.56467.19.0'
0x00000099	D_00000099	31	0		'.DVP.overlay..0x800.56467.608.1'
0x000000B9	D_000000B9	29	0		'.DVP.overlay..0x0.912339.19.0'
0x000000D7	D_000000D7	32	0		'.DVP.overlay..0x800.912339.624.1'
0x000000F8	D_000000F8	34	0		'.DVP.overlay..0x1000.912339.1008.2'
0x0000011B	D_0000011B	28	0		'.DVP.overlay..0x0.55907.24.0'
0x00000138	D_00000138	31	0		'.DVP.overlay..0x800.55907.306.1'
0x00000158	D_00000158	32	0		'.DVP.overlay..0x1000.55907.577.2'
0x00000179	D_00000179	32	0		'.DVP.overlay..0x1800.55907.866.3'
0x0000019A	D_0000019A	33	0		'.DVP.overlay..0x2000.55907.1145.4'
0x000001BC	D_000001BC	33	0		'.DVP.overlay..0x2800.55907.1416.5'
0x000001DE	D_000001DE	33	0		'.DVP.overlay..0x3000.55907.1686.6'
0x00000200	D_00000200	33	0		'.DVP.overlay..0x3800.55907.1956.7'
0x00000222	D_00000222	29	0		'.DVP.overlay..0x0.903379.24.0'
0x00000240	D_00000240	32	0		'.DVP.overlay..0x800.903379.306.1'
0x00000261	D_00000261	33	0		'.DVP.overlay..0x1000.903379.574.2'
0x00000283	D_00000283	33	0		'.DVP.overlay..0x1800.903379.848.3'
0x000002A5	D_000002A5	28	0		'.DVP.overlay..0x0.13507.19.0'
0x000002C2	D_000002C2	31	0		'.DVP.overlay..0x800.13507.647.1'
0x000002E2	D_000002E2	33	0		'.DVP.overlay..0x1000.13507.1002.2'
0x00000304	D_00000304	33	0		'.DVP.overlay..0x1800.13507.1358.3'
0x00000326	D_00000326	29	0		'.DVP.overlay..0x0.224979.19.0'
0x00000344	D_00000344	32	0		'.DVP.overlay..0x800.224979.598.1'
0x00000365	D_00000365	33	0		'.DVP.overlay..0x1000.224979.953.2'
0x00000387	D_00000387	34	0		'.DVP.overlay..0x1800.224979.1303.3'
0x000003AA	D_000003AA	34	0		'.DVP.overlay..0x2000.224979.1666.4'
0x000003CD	D_000003CD	34	0		'.DVP.overlay..0x2800.224979.2094.5'
0x000003F0	D_000003F0	34	0		'.DVP.overlay..0x3000.224979.2433.6'
0x00000413	D_00000413	30	0		'.DVP.overlay..0xc80.28259.24.0'
0x00000432	D_00000432	29	0		'.DVP.overlay..0x0.28259.237.1'
0x00000450	D_00000450	28	0		'.DVP.overlay..0x0.57843.19.0'
0x0000046D	D_0000046D	31	0		'.DVP.overlay..0x800.57843.535.1'
0x0000048D	D_0000048D	32	0		'.DVP.overlay..0x1000.57843.859.2'
0x000004AE	D_000004AE	28	0		'.DVP.overlay..0x0.13859.19.0'
0x000004CB	D_000004CB	31	0		'.DVP.overlay..0x800.13859.582.1'
0x000004EB	D_000004EB	33	0		'.DVP.overlay..0x1000.13859.1000.2'
0x0000050D	D_0000050D	33	0		'.DVP.overlay..0x1800.13859.1497.3'
0x0000052F	D_0000052F	33	0		'.DVP.overlay..0x2000.13859.1966.4'
0x00000551	D_00000551	33	0		'.DVP.overlay..0x2800.13859.2549.5'
0x00000001	D_00000001	8	0		'.reginfo'
0x0000000A	D_0000000A	29	0		'.DVP.overlay..0x0.104691.92.0'
0x00000028	D_00000028	32	0		'.DVP.overlay..0x800.104691.427.1'
0x00000049	D_00000049	29	0		'.DVP.overlay..0x0.436083.42.0'
0x00000067	D_00000067	29	0		'.DVP.overlay..0x0.221571.19.0'
0x00000085	D_00000085	28	0		'.DVP.overlay..0x0.56467.19.0'
0x000000A2	D_000000A2	31	0		'.DVP.overlay..0x800.56467.608.1'
0x000000C2	D_000000C2	29	0		'.DVP.overlay..0x0.912339.19.0'
0x000000E0	D_000000E0	32	0		'.DVP.overlay..0x800.912339.624.1'
0x00000101	D_00000101	34	0		'.DVP.overlay..0x1000.912339.1008.2'
0x00000124	D_00000124	28	0		'.DVP.overlay..0x0.55907.24.0'
0x00000141	D_00000141	31	0		'.DVP.overlay..0x800.55907.306.1'
0x00000161	D_00000161	32	0		'.DVP.overlay..0x1000.55907.577.2'
0x00000182	D_00000182	32	0		'.DVP.overlay..0x1800.55907.866.3'
0x000001A3	D_000001A3	33	0		'.DVP.overlay..0x2000.55907.1145.4'
0x000001C5	D_000001C5	33	0		'.DVP.overlay..0x2800.55907.1416.5'
0x000001E7	D_000001E7	33	0		'.DVP.overlay..0x3000.55907.1686.6'
0x00000209	D_00000209	33	0		'.DVP.overlay..0x3800.55907.1956.7'
0x0000022B	D_0000022B	29	0		'.DVP.overlay..0x0.903379.24.0'
0x00000249	D_00000249	32	0		'.DVP.overlay..0x800.903379.306.1'
0x0000026A	D_0000026A	33	0		'.DVP.overlay..0x1000.903379.574.2'
0x0000028C	D_0000028C	33	0		'.DVP.overlay..0x1800.903379.848.3'
0x000002AE	D_000002AE	28	0		'.DVP.overlay..0x0.13507.19.0'
0x000002CB	D_000002CB	31	0		'.DVP.overlay..0x800.13507.647.1'
0x000002EB	D_000002EB	33	0		'.DVP.overlay..0x1000.13507.1002.2'
0x0000030D	D_0000030D	33	0		'.DVP.overlay..0x1800.13507.1358.3'
0x0000032F	D_0000032F	29	0		'.DVP.overlay..0x0.224979.19.0'
0x0000034D	D_0000034D	32	0		'.DVP.overlay..0x800.224979.598.1'
0x0000036E	D_0000036E	33	0		'.DVP.overlay..0x1000.224979.953.2'
0x00000390	D_00000390	34	0		'.DVP.overlay..0x1800.224979.1303.3'
0x000003B3	D_000003B3	34	0		'.DVP.overlay..0x2000.224979.1666.4'
0x000003D6	D_000003D6	34	0		'.DVP.overlay..0x2800.224979.2094.5'
0x000003F9	D_000003F9	34	0		'.DVP.overlay..0x3000.224979.2433.6'
0x0000041C	D_0000041C	30	0		'.DVP.overlay..0xc80.28259.24.0'
0x0000043B	D_0000043B	29	0		'.DVP.overlay..0x0.28259.237.1'
0x00000459	D_00000459	28	0		'.DVP.overlay..0x0.57843.19.0'
0x00000476	D_00000476	31	0		'.DVP.overlay..0x800.57843.535.1'
0x00000496	D_00000496	32	0		'.DVP.overlay..0x1000.57843.859.2'
0x000004B7	D_000004B7	28	0		'.DVP.overlay..0x0.13859.19.0'
0x000004D4	D_000004D4	31	0		'.DVP.overlay..0x800.13859.582.1'
0x000004F4	D_000004F4	33	0		'.DVP.overlay..0x1000.13859.1000.2'
0x00000516	D_00000516	33	0		'.DVP.overlay..0x1800.13859.1497.3'
0x00000538	D_00000538	33	0		'.DVP.overlay..0x2000.13859.1966.4'
0x0000055A	D_0000055A	33	0		'.DVP.overlay..0x2800.13859.2549.5'
0x0000057C	D_0000057C	7	0		'.vutext'
0x00000584	D_00000584	9	0		'core.text'
0x0000058E	D_0000058E	9	0		'core.data'
0x00000598	D_00000598	10	0		'core.rdata'
0x000005A3	D_000005A3	8	0		'core.bss'
0x000005AC	D_000005AC	8	0		'core.lit'
0x000005B5	D_000005B5	4	0		'.lit'
0x000005BA	D_000005BA	4	0		'.bss'
0x000005BF	D_000005BF	5	0		'.data'
0x000005C5	D_000005C5	8	0		'lvl.vtbl'
0x000005CE	D_000005CE	11	0		'lvl.camvtbl'
0x000005DA	D_000005DA	11	0		'lvl.sndvtbl'
0x000005E6	D_000005E6	5	0		'.text'
0x000005EC	D_000005EC	12	0		'.DVP.ovlytab'
0x000005F9	D_000005F9	15	0		'.DVP.ovlystrtab'
0x00000609	D_00000609	9	0		'.shstrtab'
