# member	symbol	address	size  (generated by tools/map_archive.py from libc.a)
_tolower.obj	_tolower	0x0011A180	0x20
errno.obj	__errno	0x0011A1A0	0xC
locale.obj	_localeconv_r	0x0011A1B0	0xC
memcmp.obj	memcmp	0x0011A2DC	0x94
strcmp.obj	strcmp	0x0011A8A0	0x14C
strncmp.obj	strncmp	0x0011AE00	0x1C8
findfp.obj	std	0x0011C510	0x58
flags.obj	__sflags	0x0011C798	0xA8
sscanf.obj	eofread	0x0011D9A0	0x8
envlock.obj	__env_lock	0x0011ECF0	0x8
envlock.obj	__env_unlock	0x0011ECF8	0x8
mprec.obj	_Bfree	0x0011F480	0x34
mprec.obj	_hi0bits	0x0011F6F8	0x84
mprec.obj	_lo0bits	0x0011F780	0xC0
mprec.obj	__mcmp	0x0011FCD8	0x68
mprec.obj	_ulp	0x0011FED0	0xC8
strrchr.obj	strrchr	0x00122110	0x4C
u_strerr.obj	_user_strerror	0x001566D4	0x8
isascii.obj	isascii	0x00498570	0x8
rand.obj	srand	0x01EA0658	0x10
toascii.obj	toascii	0x01EA4EE0	0x8
