# object	symbol	address	size  (generated by tools/map_libgcc.py)
l2__main	__main	0x0012EEE0	0x20
l2_divdi3	__divdi3	0x0012EF00	0x6EC
l2_fixdfdi	__fixdfdi	0x0012F5F0	0x5C
l2_fixunsdfdi	__fixunsdfdi	0x0012F650	0xEC
l2_floatdidf	__floatdidf	0x0012F748	0x98
l2_muldi3	__muldi3	0x0012FE48	0x60
dp-bit	__pack_d	0x001309C0	0x12C
dp-bit	__unpack_d	0x00130AF0	0x9C
dp-bit	_fpadd_parts	0x00130B90	0x240
dp-bit	dpadd	0x00130DD0	0x58
dp-bit	dpsub	0x00130E28	0x64
dp-bit	dpmul	0x00130E90	0x2A8
dp-bit	dpdiv	0x00131138	0x168
dp-bit	__fpcmp_parts_d	0x001312A0	0x114
dp-bit	dpcmp	0x001313B8	0x4C
dp-bit	litodp	0x00131408	0xB8
dp-bit	dptoli	0x001314C0	0x94
dp-bit	dptoul	0x00131558	0xA0
dp-bit	__make_dp	0x001315F8	0x2C
dp-bit	dptofp	0x00131628	0x54
fp-bit	__pack_f	0x00131680	0x10C
fp-bit	__unpack_f	0x00131790	0x90
fp-bit	__make_fp	0x001318E8	0x2C
fp-bit	fptodp	0x00131918	0x40
