# member	symbol	address	size  (generated by tools/map_archive.py from libm.a)
er_gamma.o	__ieee754_gamma_r	0x0011D6F0	0x1C
erf_gamma.o	__ieee754_gammaf_r	0x0012C3A8	0x1C
w_drem.o	drem	0x0012CBE0	0x1C
e_fmod.o	__ieee754_fmod	0x00131A90	0x3F0
e_pow.o	__ieee754_pow	0x00131E80	0xD28
e_sqrt.o	__ieee754_sqrt	0x00132BA8	0x304
ef_asin.o	__ieee754_asinf	0x00132EB0	0x39C
ef_exp.o	__ieee754_expf	0x00133250	0x2B4
ef_log.o	__ieee754_logf	0x00133508	0x324
ef_log10.o	__ieee754_log10f	0x00133830	0x130
ef_pow.o	__ieee754_powf	0x00133960	0x88C
ef_rem_pio2.o	__ieee754_rem_pio2f	0x001341F0	0x3E0
ef_sqrt.o	__ieee754_sqrtf	0x001345D0	0x138
kf_cos.o	__kernel_cosf	0x00134708	0x158
kf_rem_pio2.o	__kernel_rem_pio2f	0x00134860	0x94C
kf_sin.o	__kernel_sinf	0x001351B0	0x104
s_copysign.o	copysign	0x001352B8	0x44
s_fabs.o	fabs	0x00135300	0x34
s_finite.o	finite	0x00135338	0x20
s_isnan.o	isnan	0x00135358	0x38
s_matherr.o	matherr	0x00135390	0x24
s_rint.o	rint	0x001353B8	0x1FC
s_scalbn.o	scalbn	0x001355B8	0x1B4
sf_ceil.o	ceilf	0x00135770	0xD4
sf_copysign.o	copysignf	0x00135848	0x30
sf_cos.o	cosf	0x00135878	0xE8
sf_fabs.o	fabsf	0x00135960	0x1C
sf_finite.o	finitef	0x00135980	0x24
sf_floor.o	floorf	0x001359A8	0xE4
sf_isnan.o	isnanf	0x00135A90	0x24
sf_scalbn.o	scalbnf	0x00135AB8	0x160
w_fmod.o	fmod	0x00135C18	0x11C
w_sqrt.o	sqrt	0x00136168	0x10C
wf_acos.o	acosf	0x00136278	0xFC
wf_exp.o	expf	0x00136378	0x174
wf_log.o	logf	0x001364F0	0x148
wf_log10.o	log10f	0x00136638	0x14C
wf_pow.o	powf	0x00136788	0x508
wf_sqrt.o	sqrtf	0x00136C90	0x114
wf_drem.o	dremf	0x0015DB88	0x1C
