# id	directory	text_address	text_size  (generated by tools/split_overlays.py)
L00	multiplayer/0_multiplayer_menu	0x004EEF00	0x28F220
L01	campaign/1_dreadzone_station	0x003C7C80	0x2FEA50
L02	campaign/2_catacrom_graveyard	0x003BFF80	0x2B66D0
L04	campaign/4_sarathos_swamp	0x003BF200	0x2B7498
L05	campaign/5_dark_cathedral	0x003C1780	0x2DB6E8
L06	campaign/6_temple_of_shaar	0x003BEF00	0x2AFDE0
L07	campaign/7_valix_lighthouse	0x003BF300	0x2A29C8
L08	campaign/8_mining_facility	0x003BF200	0x2BA998
L10	campaign/10_torval_ruins	0x003C0580	0x2C3970
L11	campaign/11_tempus_station	0x003BE500	0x2B2C50
L13	campaign/13_maraxus_prison	0x003C0500	0x2CA518
L14	campaign/14_ghost_station	0x003C0A00	0x2C3968
L15	campaign/15_control_level	0x003C4C00	0x2CFC40
L21	campaign/21_dreadzone_station_splitscreen	0x003C7C80	0x2FEA50
L22	campaign/22_catacrom_graveyard_splitscreen	0x003BFF80	0x2B66D0
L24	campaign/24_sarathos_swamp_splitscreen	0x003BF200	0x2B7498
L25	campaign/25_dark_cathedral_splitscreen	0x003C1780	0x2DB6E8
L26	campaign/26_temple_of_shaar_splitscreen	0x003BEF00	0x2AFDE0
L27	campaign/27_valix_lighthouse_splitscreen	0x003BF300	0x2A29C8
L28	campaign/28_mining_facility_splitscreen	0x003BF200	0x2BA998
L30	campaign/30_torval_ruins_splitscreen	0x003C0580	0x2C3970
L31	campaign/31_tempus_station_splitscreen	0x003BE500	0x2B2C50
L33	campaign/33_maraxus_prison_splitscreen	0x003C0500	0x2CA518
L34	campaign/34_ghost_station_splitscreen	0x003C0A00	0x2C3968
L35	campaign/35_control_level_splitscreen	0x003C4C00	0x2CFC40
L41	multiplayer/41_battledome_tower	0x003A1580	0x28DAA8
L42	multiplayer/42_catacrom_graveyard	0x003A1580	0x28DAA8
L44	multiplayer/44_sarathos_swamp	0x003A1580	0x28DAA8
L45	multiplayer/45_dark_cathedral	0x003A1580	0x28DAA8
L46	multiplayer/46_temple_of_shaar	0x003A1580	0x28DAA8
L47	multiplayer/47_valix_lighthouse	0x003A1580	0x28DAA8
L48	multiplayer/48_mining_facility	0x003A1580	0x28DAA8
L50	multiplayer/50_torval_ruins	0x003A1580	0x28DAA8
L51	multiplayer/51_tempus_station	0x003A1580	0x28DAA8
L53	multiplayer/53_maraxus_prison	0x003A1580	0x28DAA8
L54	multiplayer/54_ghost_station	0x003A1580	0x28DAA8
L61	multiplayer/61_battledome_tower_splitscreen	0x003A1580	0x28DAA8
L62	multiplayer/62_catacrom_graveyard_splitscreen	0x003A1580	0x28DAA8
L64	multiplayer/64_sarathos_swamp_splitscreen	0x003A1580	0x28DAA8
L65	multiplayer/65_dark_cathedral_splitscreen	0x003A1580	0x28DAA8
L66	multiplayer/66_temple_of_shaar_splitscreen	0x003A1580	0x28DAA8
L67	multiplayer/67_valix_lighthouse_splitscreen	0x003A1580	0x28DAA8
L68	multiplayer/68_mining_facility_splitscreen	0x003A1580	0x28DAA8
L70	multiplayer/70_torval_ruins_splitscreen	0x003A1580	0x28DAA8
L71	multiplayer/71_tempus_station_splitscreen	0x003A1580	0x28DAA8
L73	multiplayer/73_maraxus_prison_splitscreen	0x003A1580	0x28DAA8
L74	multiplayer/74_ghost_station_splitscreen	0x003A1580	0x28DAA8
